granularity	processingDate	Date	App Name	App Apple Identifier	Event	Page Type	Page Title	Source Type	Source Info	Campaign	Engagement Type	Device	Platform Version	Territory	Counts	Unique Counts
DAILY	2026-08-24	2026-08-23	Sunrise Alarm Clock: Wake Up	6758740138	Impression	No page	No page	App Store search				iPhone	iOS 16.7	BR	5	5
DAILY	2026-08-24	2026-08-21	Sunrise Alarm Clock: Wake Up	6758740138	Impression	No page	No page	App Store search				iPhone	iOS 26.6	MX	5	5
DAILY	2026-08-24	2026-08-21	Sunrise Alarm Clock: Wake Up	6758740138	Impression	No page	No page	App Store search				iPhone	iOS 26.5	BR	11	11
DAILY	2026-08-24	2026-08-23	Sunrise Alarm Clock: Wake Up	6758740138	Impression	No page	No page	App Store search				iPhone	iOS 26.6	US	5	5
DAILY	2026-08-24	2026-08-22	Sunrise Alarm Clock: Wake Up	6758740138	Impression	No page	No page	App Store search				iPhone	iOS 26.6	CN	6	6
DAILY	2026-08-24	2026-08-23	Sunrise Alarm Clock: Wake Up	6758740138	Impression	No page	No page	App Store search				iPhone	iOS 26.5	FR	7	7
DAILY	2026-08-24	2026-08-21	Sunrise Alarm Clock: Wake Up	6758740138	Impression	No page	No page	App Store search				iPhone	iOS 26.6	BR	21	18
DAILY	2026-08-24	2026-08-23	Sunrise Alarm Clock: Wake Up	6758740138	Impression	No page	No page	App Store search				iPhone	iOS 26.6	BR	22	19
DAILY	2026-08-24	2026-08-22	Sunrise Alarm Clock: Wake Up	6758740138	Impression	No page	No page	App Store search				iPhone	iOS 18.7	BR	12	8
DAILY	2026-08-24	2026-08-22	Sunrise Alarm Clock: Wake Up	6758740138	Impression	No page	No page	App Store search				iPhone	iOS 26.6	BR	18	14
DAILY	2026-08-24	2026-08-21	Sunrise Alarm Clock: Wake Up	6758740138	Impression	No page	No page	App Store search				iPhone	iOS 26.6	CZ	5	5
DAILY	2026-08-25	2026-08-24	Sunrise Alarm Clock: Wake Up	6758740138	Impression	No page	No page	App Store search				iPad	iOS 18.5	US	5	5
DAILY	2026-08-25	2026-08-23	Sunrise Alarm Clock: Wake Up	6758740138	Impression	No page	No page	App Store search				iPhone	iOS 26.6	BR	22	19
DAILY	2026-08-25	2026-08-24	Sunrise Alarm Clock: Wake Up	6758740138	Impression	No page	No page	App Store search				iPhone	iOS 18.7	BR	13	13
DAILY	2026-08-25	2026-08-24	Sunrise Alarm Clock: Wake Up	6758740138	Impression	No page	No page	App Store search				iPhone	iOS 26.6	BR	22	18
DAILY	2026-08-25	2026-08-22	Sunrise Alarm Clock: Wake Up	6758740138	Impression	No page	No page	App Store search				iPhone	iOS 18.7	BR	12	8
DAILY	2026-08-25	2026-08-24	Sunrise Alarm Clock: Wake Up	6758740138	Impression	No page	No page	App Store search				iPhone	iOS 18.6	BR	10	10
DAILY	2026-08-25	2026-08-23	Sunrise Alarm Clock: Wake Up	6758740138	Impression	No page	No page	App Store search				iPhone	iOS 26.5	FR	7	7
DAILY	2026-08-25	2026-08-23	Sunrise Alarm Clock: Wake Up	6758740138	Impression	No page	No page	App Store search				iPhone	iOS 26.6	US	5	5
DAILY	2026-08-25	2026-08-22	Sunrise Alarm Clock: Wake Up	6758740138	Impression	No page	No page	App Store search				iPhone	iOS 26.6	CN	6	6
DAILY	2026-08-25	2026-08-24	Sunrise Alarm Clock: Wake Up	6758740138	Impression	No page	No page	App Store search				iPhone	iOS 16.7	BR	8	8
DAILY	2026-08-25	2026-08-23	Sunrise Alarm Clock: Wake Up	6758740138	Impression	No page	No page	App Store search				iPhone	iOS 16.7	BR	5	5
DAILY	2026-08-25	2026-08-24	Sunrise Alarm Clock: Wake Up	6758740138	Impression	No page	No page	App Store search				iPad	iOS 26.5	US	6	6
DAILY	2026-08-25	2026-08-24	Sunrise Alarm Clock: Wake Up	6758740138	Impression	No page	No page	App Store search				iPhone	iOS 26.5	BR	16	10
DAILY	2026-08-25	2026-08-22	Sunrise Alarm Clock: Wake Up	6758740138	Impression	No page	No page	App Store search				iPhone	iOS 26.6	BR	18	14
DAILY	2026-08-26	2026-08-24	Sunrise Alarm Clock: Wake Up	6758740138	Impression	No page	No page	App Store search				iPhone	iOS 18.6	BR	10	10
DAILY	2026-08-26	2026-08-23	Sunrise Alarm Clock: Wake Up	6758740138	Impression	No page	No page	App Store search				iPhone	iOS 16.7	BR	5	5
DAILY	2026-08-26	2026-08-25	Sunrise Alarm Clock: Wake Up	6758740138	Impression	No page	No page	App Store search				iPhone	iOS 26.6	ES	5	5
DAILY	2026-08-26	2026-08-24	Sunrise Alarm Clock: Wake Up	6758740138	Impression	No page	No page	App Store search				iPhone	iOS 26.5	BR	16	10
DAILY	2026-08-26	2026-08-24	Sunrise Alarm Clock: Wake Up	6758740138	Impression	No page	No page	App Store search				iPhone	iOS 18.7	BR	13	13
DAILY	2026-08-26	2026-08-25	Sunrise Alarm Clock: Wake Up	6758740138	Impression	No page	No page	App Store search				iPhone	iOS 26.5	BR	17	17
DAILY	2026-08-26	2026-08-23	Sunrise Alarm Clock: Wake Up	6758740138	Impression	No page	No page	App Store search				iPhone	iOS 26.6	BR	22	19
DAILY	2026-08-26	2026-08-24	Sunrise Alarm Clock: Wake Up	6758740138	Impression	No page	No page	App Store search				iPad	iOS 26.5	US	6	6
DAILY	2026-08-26	2026-08-24	Sunrise Alarm Clock: Wake Up	6758740138	Impression	No page	No page	App Store search				iPad	iOS 18.5	US	5	5
DAILY	2026-08-26	2026-08-25	Sunrise Alarm Clock: Wake Up	6758740138	Impression	No page	No page	App Store search				iPhone	iOS 26.3	BR	6	6
DAILY	2026-08-26	2026-08-25	Sunrise Alarm Clock: Wake Up	6758740138	Impression	No page	No page	App Store search				iPad	iOS 17.7	GB	5	5
DAILY	2026-08-26	2026-08-23	Sunrise Alarm Clock: Wake Up	6758740138	Impression	No page	No page	App Store search				iPhone	iOS 26.5	FR	7	7
DAILY	2026-08-26	2026-08-25	Sunrise Alarm Clock: Wake Up	6758740138	Impression	No page	No page	App Store search				iPhone	iOS 18.7	BR	13	13
DAILY	2026-08-26	2026-08-24	Sunrise Alarm Clock: Wake Up	6758740138	Impression	No page	No page	App Store search				iPhone	iOS 26.6	BR	22	18
DAILY	2026-08-26	2026-08-24	Sunrise Alarm Clock: Wake Up	6758740138	Impression	No page	No page	App Store search				iPhone	iOS 16.7	BR	8	8
DAILY	2026-08-26	2026-08-25	Sunrise Alarm Clock: Wake Up	6758740138	Impression	No page	No page	App Store search				iPhone	iOS 26.6	BR	33	23
DAILY	2026-08-26	2026-08-23	Sunrise Alarm Clock: Wake Up	6758740138	Impression	No page	No page	App Store search				iPhone	iOS 26.6	US	5	5
DAILY	2026-08-26	2026-08-25	Sunrise Alarm Clock: Wake Up	6758740138	Impression	No page	No page	App Store search				iPhone	iOS 18.6	BR	6	6
DAILY	2026-08-27	2026-08-24	Sunrise Alarm Clock: Wake Up	6758740138	Impression	No page	No page	App Store search				iPhone	iOS 18.7	BR	13	13
DAILY	2026-08-27	2026-08-25	Sunrise Alarm Clock: Wake Up	6758740138	Impression	No page	No page	App Store search				iPhone	iOS 26.6	ES	5	5
DAILY	2026-08-27	2026-08-25	Sunrise Alarm Clock: Wake Up	6758740138	Impression	No page	No page	App Store search				iPhone	iOS 18.7	BR	13	13
DAILY	2026-08-27	2026-08-26	Sunrise Alarm Clock: Wake Up	6758740138	Impression	No page	No page	App Store search				iPhone	iOS 26.6	BR	26	23
DAILY	2026-08-27	2026-08-24	Sunrise Alarm Clock: Wake Up	6758740138	Impression	No page	No page	App Store search				iPhone	iOS 16.7	BR	8	8
DAILY	2026-08-27	2026-08-26	Sunrise Alarm Clock: Wake Up	6758740138	Impression	No page	No page	App Store search				iPhone	iOS 26.6	US	7	6
DAILY	2026-08-27	2026-08-25	Sunrise Alarm Clock: Wake Up	6758740138	Impression	No page	No page	App Store search				iPhone	iOS 26.3	BR	6	6
DAILY	2026-08-27	2026-08-25	Sunrise Alarm Clock: Wake Up	6758740138	Impression	No page	No page	App Store search				iPad	iOS 17.7	GB	5	5
DAILY	2026-08-27	2026-08-24	Sunrise Alarm Clock: Wake Up	6758740138	Impression	No page	No page	App Store search				iPhone	iOS 18.6	BR	10	10
DAILY	2026-08-27	2026-08-25	Sunrise Alarm Clock: Wake Up	6758740138	Impression	No page	No page	App Store search				iPhone	iOS 26.5	BR	17	17
DAILY	2026-08-27	2026-08-26	Sunrise Alarm Clock: Wake Up	6758740138	Impression	No page	No page	App Store search				iPhone	iOS 26.5	BR	10	7
DAILY	2026-08-27	2026-08-25	Sunrise Alarm Clock: Wake Up	6758740138	Impression	No page	No page	App Store search				iPhone	iOS 26.6	BR	33	23
DAILY	2026-08-27	2026-08-24	Sunrise Alarm Clock: Wake Up	6758740138	Impression	No page	No page	App Store search				iPhone	iOS 26.5	BR	16	10
DAILY	2026-08-27	2026-08-26	Sunrise Alarm Clock: Wake Up	6758740138	Impression	No page	No page	App Store search				iPhone	iOS 26.6	MX	5	5
DAILY	2026-08-27	2026-08-26	Sunrise Alarm Clock: Wake Up	6758740138	Impression	No page	No page	App Store search				iPhone	iOS 18.7	BR	14	14
DAILY	2026-08-27	2026-08-24	Sunrise Alarm Clock: Wake Up	6758740138	Impression	No page	No page	App Store search				iPad	iOS 18.5	US	5	5
DAILY	2026-08-27	2026-08-24	Sunrise Alarm Clock: Wake Up	6758740138	Impression	No page	No page	App Store search				iPad	iOS 26.5	US	6	6
DAILY	2026-08-27	2026-08-25	Sunrise Alarm Clock: Wake Up	6758740138	Impression	No page	No page	App Store search				iPhone	iOS 18.6	BR	6	6
DAILY	2026-08-27	2026-08-24	Sunrise Alarm Clock: Wake Up	6758740138	Impression	No page	No page	App Store search				iPhone	iOS 26.6	BR	22	18
DAILY	2026-08-28	2026-08-26	Sunrise Alarm Clock: Wake Up	6758740138	Impression	No page	No page	App Store search				iPhone	iOS 26.6	US	7	6
DAILY	2026-08-28	2026-08-25	Sunrise Alarm Clock: Wake Up	6758740138	Impression	No page	No page	App Store search				iPhone	iOS 26.6	BR	33	23
DAILY	2026-08-28	2026-08-27	Sunrise Alarm Clock: Wake Up	6758740138	Impression	No page	No page	App Store search				iPhone	iOS 26.6	US	5	5
DAILY	2026-08-28	2026-08-27	Sunrise Alarm Clock: Wake Up	6758740138	Impression	No page	No page	App Store search				iPhone	iOS 26.6	BR	24	17
DAILY	2026-08-28	2026-08-26	Sunrise Alarm Clock: Wake Up	6758740138	Impression	No page	No page	App Store search				iPhone	iOS 26.5	BR	10	7
DAILY	2026-08-28	2026-08-26	Sunrise Alarm Clock: Wake Up	6758740138	Impression	No page	No page	App Store search				iPhone	iOS 18.7	BR	14	14
DAILY	2026-08-28	2026-08-27	Sunrise Alarm Clock: Wake Up	6758740138	Impression	No page	No page	App Store search				iPhone	iOS 26.5	MX	5	5
DAILY	2026-08-28	2026-08-25	Sunrise Alarm Clock: Wake Up	6758740138	Impression	No page	No page	App Store search				iPhone	iOS 26.3	BR	6	6
DAILY	2026-08-28	2026-08-27	Sunrise Alarm Clock: Wake Up	6758740138	Impression	No page	No page	App Store search				iPhone	iOS 18.6	BR	6	6
DAILY	2026-08-28	2026-08-26	Sunrise Alarm Clock: Wake Up	6758740138	Impression	No page	No page	App Store search				iPhone	iOS 26.6	BR	26	23
DAILY	2026-08-28	2026-08-27	Sunrise Alarm Clock: Wake Up	6758740138	Impression	No page	No page	App Store search				iPhone	iOS 18.7	BR	11	5
DAILY	2026-08-28	2026-08-27	Sunrise Alarm Clock: Wake Up	6758740138	Impression	No page	No page	App Store search				iPhone	iOS 26.5	BR	7	7
DAILY	2026-08-28	2026-08-25	Sunrise Alarm Clock: Wake Up	6758740138	Impression	No page	No page	App Store search				iPad	iOS 17.7	GB	5	5
DAILY	2026-08-28	2026-08-26	Sunrise Alarm Clock: Wake Up	6758740138	Impression	No page	No page	App Store search				iPhone	iOS 26.6	MX	5	5
DAILY	2026-08-28	2026-08-25	Sunrise Alarm Clock: Wake Up	6758740138	Impression	No page	No page	App Store search				iPhone	iOS 18.7	BR	13	13
DAILY	2026-08-28	2026-08-25	Sunrise Alarm Clock: Wake Up	6758740138	Impression	No page	No page	App Store search				iPhone	iOS 18.6	BR	6	6
DAILY	2026-08-28	2026-08-25	Sunrise Alarm Clock: Wake Up	6758740138	Impression	No page	No page	App Store search				iPhone	iOS 26.6	ES	5	5
DAILY	2026-08-28	2026-08-25	Sunrise Alarm Clock: Wake Up	6758740138	Impression	No page	No page	App Store search				iPhone	iOS 26.5	BR	17	17
DAILY	2026-08-30	2026-08-27	Sunrise Alarm Clock: Wake Up	6758740138	Impression	No page	No page	App Store search				iPhone	iOS 26.5	MX	5	5
DAILY	2026-08-30	2026-08-27	Sunrise Alarm Clock: Wake Up	6758740138	Impression	No page	No page	App Store search				iPhone	iOS 26.6	BR	24	17
DAILY	2026-08-30	2026-08-28	Sunrise Alarm Clock: Wake Up	6758740138	Impression	No page	No page	App Store search				iPhone	iOS 26.6	MX	6	6
DAILY	2026-08-30	2026-08-29	Sunrise Alarm Clock: Wake Up	6758740138	Impression	No page	No page	App Store search				iPhone	iOS 26.6	BR	13	10
DAILY	2026-08-30	2026-08-28	Sunrise Alarm Clock: Wake Up	6758740138	Impression	No page	No page	App Store search				iPhone	iOS 26.5	BR	12	6
DAILY	2026-08-30	2026-08-27	Sunrise Alarm Clock: Wake Up	6758740138	Impression	No page	No page	App Store search				iPhone	iOS 18.7	BR	11	5
DAILY	2026-08-30	2026-08-29	Sunrise Alarm Clock: Wake Up	6758740138	Impression	No page	No page	App Store search				iPhone	iOS 18.7	BR	6	6
DAILY	2026-08-30	2026-08-27	Sunrise Alarm Clock: Wake Up	6758740138	Impression	No page	No page	App Store search				iPhone	iOS 18.6	BR	6	6
DAILY	2026-08-30	2026-08-27	Sunrise Alarm Clock: Wake Up	6758740138	Impression	No page	No page	App Store search				iPhone	iOS 26.5	BR	7	7
DAILY	2026-08-30	2026-08-27	Sunrise Alarm Clock: Wake Up	6758740138	Impression	No page	No page	App Store search				iPhone	iOS 26.6	US	5	5
DAILY	2026-08-30	2026-08-28	Sunrise Alarm Clock: Wake Up	6758740138	Impression	No page	No page	App Store search				iPhone	iOS 26.6	BR	23	13
DAILY	2026-08-31	2026-08-28	Sunrise Alarm Clock: Wake Up	6758740138	Impression	No page	No page	App Store search				iPhone	iOS 26.6	BR	23	13
DAILY	2026-08-31	2026-08-30	Sunrise Alarm Clock: Wake Up	6758740138	Impression	No page	No page	App Store search				iPhone	iOS 26.2	BR	5	5
DAILY	2026-08-31	2026-08-30	Sunrise Alarm Clock: Wake Up	6758740138	Impression	No page	No page	App Store search				iPhone	iOS 26.6	BR	26	22
DAILY	2026-08-31	2026-08-30	Sunrise Alarm Clock: Wake Up	6758740138	Impression	No page	No page	App Store search				iPhone	iOS 26.6	ES	5	5
DAILY	2026-08-31	2026-08-28	Sunrise Alarm Clock: Wake Up	6758740138	Impression	No page	No page	App Store search				iPhone	iOS 26.5	BR	12	6
DAILY	2026-08-31	2026-08-29	Sunrise Alarm Clock: Wake Up	6758740138	Impression	No page	No page	App Store search				iPhone	iOS 26.6	BR	13	10
DAILY	2026-08-31	2026-08-29	Sunrise Alarm Clock: Wake Up	6758740138	Impression	No page	No page	App Store search				iPhone	iOS 18.7	BR	6	6
DAILY	2026-08-31	2026-08-28	Sunrise Alarm Clock: Wake Up	6758740138	Impression	No page	No page	App Store search				iPhone	iOS 26.6	MX	6	6
DAILY	2026-08-29	2026-08-27	Sunrise Alarm Clock: Wake Up	6758740138	Impression	No page	No page	App Store search				iPhone	iOS 18.6	BR	6	6
DAILY	2026-08-29	2026-08-27	Sunrise Alarm Clock: Wake Up	6758740138	Impression	No page	No page	App Store search				iPhone	iOS 26.5	MX	5	5
DAILY	2026-08-29	2026-08-26	Sunrise Alarm Clock: Wake Up	6758740138	Impression	No page	No page	App Store search				iPhone	iOS 18.7	BR	14	14
DAILY	2026-08-29	2026-08-26	Sunrise Alarm Clock: Wake Up	6758740138	Impression	No page	No page	App Store search				iPhone	iOS 26.6	BR	26	23
DAILY	2026-08-29	2026-08-28	Sunrise Alarm Clock: Wake Up	6758740138	Impression	No page	No page	App Store search				iPhone	iOS 26.6	MX	6	6
DAILY	2026-08-29	2026-08-27	Sunrise Alarm Clock: Wake Up	6758740138	Impression	No page	No page	App Store search				iPhone	iOS 26.5	BR	7	7
DAILY	2026-08-29	2026-08-26	Sunrise Alarm Clock: Wake Up	6758740138	Impression	No page	No page	App Store search				iPhone	iOS 26.6	US	7	6
DAILY	2026-08-29	2026-08-28	Sunrise Alarm Clock: Wake Up	6758740138	Impression	No page	No page	App Store search				iPhone	iOS 26.5	BR	12	6
DAILY	2026-08-29	2026-08-27	Sunrise Alarm Clock: Wake Up	6758740138	Impression	No page	No page	App Store search				iPhone	iOS 18.7	BR	11	5
DAILY	2026-08-29	2026-08-27	Sunrise Alarm Clock: Wake Up	6758740138	Impression	No page	No page	App Store search				iPhone	iOS 26.6	BR	24	17
DAILY	2026-08-29	2026-08-26	Sunrise Alarm Clock: Wake Up	6758740138	Impression	No page	No page	App Store search				iPhone	iOS 26.6	MX	5	5
DAILY	2026-08-29	2026-08-27	Sunrise Alarm Clock: Wake Up	6758740138	Impression	No page	No page	App Store search				iPhone	iOS 26.6	US	5	5
DAILY	2026-08-29	2026-08-28	Sunrise Alarm Clock: Wake Up	6758740138	Impression	No page	No page	App Store search				iPhone	iOS 26.6	BR	23	13
DAILY	2026-08-29	2026-08-26	Sunrise Alarm Clock: Wake Up	6758740138	Impression	No page	No page	App Store search				iPhone	iOS 26.5	BR	10	7
DAILY	2026-09-01	2026-08-30	Sunrise Alarm Clock: Wake Up	6758740138	Impression	No page	No page	App Store search				iPhone	iOS 26.2	BR	5	5
DAILY	2026-09-01	2026-08-30	Sunrise Alarm Clock: Wake Up	6758740138	Impression	No page	No page	App Store search				iPhone	iOS 26.6	BR	26	22
DAILY	2026-09-01	2026-08-31	Sunrise Alarm Clock: Wake Up	6758740138	Impression	No page	No page	App Store search				iPhone	iOS 26.6	AR	11	5
DAILY	2026-09-01	2026-08-31	Sunrise Alarm Clock: Wake Up	6758740138	Impression	No page	No page	App Store search				iPhone	iOS 16.7	BR	18	7
DAILY	2026-09-01	2026-08-30	Sunrise Alarm Clock: Wake Up	6758740138	Impression	No page	No page	App Store search				iPhone	iOS 26.6	ES	5	5
DAILY	2026-09-01	2026-08-31	Sunrise Alarm Clock: Wake Up	6758740138	Impression	No page	No page	App Store search				iPhone	iOS 26.3	BR	6	6
DAILY	2026-09-01	2026-08-29	Sunrise Alarm Clock: Wake Up	6758740138	Impression	No page	No page	App Store search				iPhone	iOS 18.7	BR	6	6
DAILY	2026-09-01	2026-08-31	Sunrise Alarm Clock: Wake Up	6758740138	Impression	No page	No page	App Store search				iPhone	iOS 26.6	BR	46	38
DAILY	2026-09-01	2026-08-29	Sunrise Alarm Clock: Wake Up	6758740138	Impression	No page	No page	App Store search				iPhone	iOS 26.6	BR	13	10
DAILY	2026-09-01	2026-08-31	Sunrise Alarm Clock: Wake Up	6758740138	Impression	No page	No page	App Store search				iPhone	iOS 26.6	ES	5	5
DAILY	2026-09-01	2026-08-31	Sunrise Alarm Clock: Wake Up	6758740138	Impression	No page	No page	App Store search				iPhone	iOS 18.7	BR	15	11
DAILY	2026-09-02	2026-08-30	Sunrise Alarm Clock: Wake Up	6758740138	Impression	No page	No page	App Store search				iPhone	iOS 26.6	ES	5	5
DAILY	2026-09-02	2026-08-31	Sunrise Alarm Clock: Wake Up	6758740138	Impression	No page	No page	App Store search				iPhone	iOS 26.3	BR	6	6
DAILY	2026-09-02	2026-08-31	Sunrise Alarm Clock: Wake Up	6758740138	Impression	No page	No page	App Store search				iPhone	iOS 26.6	BR	46	38
DAILY	2026-09-02	2026-08-30	Sunrise Alarm Clock: Wake Up	6758740138	Impression	No page	No page	App Store search				iPhone	iOS 26.2	BR	5	5
DAILY	2026-09-02	2026-08-31	Sunrise Alarm Clock: Wake Up	6758740138	Impression	No page	No page	App Store search				iPhone	iOS 26.6	ES	5	5
DAILY	2026-09-02	2026-09-01	Sunrise Alarm Clock: Wake Up	6758740138	Impression	No page	No page	App Store search				iPhone	iOS 26.5	BR	8	5
DAILY	2026-09-02	2026-08-31	Sunrise Alarm Clock: Wake Up	6758740138	Impression	No page	No page	App Store search				iPhone	iOS 26.6	AR	11	5
DAILY	2026-09-02	2026-09-01	Sunrise Alarm Clock: Wake Up	6758740138	Impression	No page	No page	App Store search				iPhone	iOS 26.6	BR	39	35
DAILY	2026-09-02	2026-08-31	Sunrise Alarm Clock: Wake Up	6758740138	Impression	No page	No page	App Store search				iPhone	iOS 18.7	BR	15	11
DAILY	2026-09-02	2026-09-01	Sunrise Alarm Clock: Wake Up	6758740138	Impression	No page	No page	App Store search				iPhone	iOS 18.7	BR	15	15
DAILY	2026-09-02	2026-08-30	Sunrise Alarm Clock: Wake Up	6758740138	Impression	No page	No page	App Store search				iPhone	iOS 26.6	BR	26	22
DAILY	2026-09-02	2026-08-31	Sunrise Alarm Clock: Wake Up	6758740138	Impression	No page	No page	App Store search				iPhone	iOS 16.7	BR	18	7
DAILY	2026-09-03	2026-08-31	Sunrise Alarm Clock: Wake Up	6758740138	Impression	No page	No page	App Store search				iPhone	iOS 18.7	BR	15	11
DAILY	2026-09-03	2026-09-02	Sunrise Alarm Clock: Wake Up	6758740138	Impression	No page	No page	App Store search				iPhone	iOS 18.6	BR	8	7
DAILY	2026-09-03	2026-08-31	Sunrise Alarm Clock: Wake Up	6758740138	Impression	No page	No page	App Store search				iPhone	iOS 26.3	BR	6	6
DAILY	2026-09-03	2026-08-31	Sunrise Alarm Clock: Wake Up	6758740138	Impression	No page	No page	App Store search				iPhone	iOS 26.6	ES	5	5
DAILY	2026-09-03	2026-08-31	Sunrise Alarm Clock: Wake Up	6758740138	Impression	No page	No page	App Store search				iPhone	iOS 16.7	BR	18	7
DAILY	2026-09-03	2026-09-01	Sunrise Alarm Clock: Wake Up	6758740138	Impression	No page	No page	App Store search				iPhone	iOS 26.6	BR	39	35
DAILY	2026-09-03	2026-08-31	Sunrise Alarm Clock: Wake Up	6758740138	Impression	No page	No page	App Store search				iPhone	iOS 26.6	BR	46	38
DAILY	2026-09-03	2026-09-02	Sunrise Alarm Clock: Wake Up	6758740138	Impression	No page	No page	App Store search				iPhone	iOS 26.6	BR	37	35
DAILY	2026-09-03	2026-09-01	Sunrise Alarm Clock: Wake Up	6758740138	Impression	No page	No page	App Store search				iPhone	iOS 26.5	BR	8	5
DAILY	2026-09-03	2026-09-02	Sunrise Alarm Clock: Wake Up	6758740138	Impression	No page	No page	App Store search				iPhone	iOS 26.5	BR	10	8
DAILY	2026-09-03	2026-09-02	Sunrise Alarm Clock: Wake Up	6758740138	Impression	No page	No page	App Store search				iPhone	iOS 26.6	US	6	6
DAILY	2026-09-03	2026-08-31	Sunrise Alarm Clock: Wake Up	6758740138	Impression	No page	No page	App Store search				iPhone	iOS 26.6	AR	11	5
DAILY	2026-09-03	2026-09-01	Sunrise Alarm Clock: Wake Up	6758740138	Impression	No page	No page	App Store search				iPhone	iOS 18.7	BR	15	15
DAILY	2026-09-03	2026-09-02	Sunrise Alarm Clock: Wake Up	6758740138	Impression	No page	No page	App Store search				iPhone	iOS 18.7	BR	13	10
DAILY	2026-09-03	2026-09-02	Sunrise Alarm Clock: Wake Up	6758740138	Impression	No page	No page	App Store search				iPhone	iOS 26.6	PL	10	5
DAILY	2026-09-05	2026-09-04	Sunrise Alarm Clock: Wake Up	6758740138	Impression	No page	No page	App Store search				iPhone	iOS 18.7	BR	9	8
DAILY	2026-09-05	2026-09-04	Sunrise Alarm Clock: Wake Up	6758740138	Impression	No page	No page	App Store search				iPhone	iOS 26.5	BR	7	5
DAILY	2026-09-05	2026-09-02	Sunrise Alarm Clock: Wake Up	6758740138	Impression	No page	No page	App Store search				iPhone	iOS 26.6	PL	10	5
DAILY	2026-09-05	2026-09-02	Sunrise Alarm Clock: Wake Up	6758740138	Impression	No page	No page	App Store search				iPhone	iOS 18.7	BR	13	10
DAILY	2026-09-05	2026-09-04	Sunrise Alarm Clock: Wake Up	6758740138	Impression	No page	No page	App Store search				iPhone	iOS 17.6	BR	5	5
DAILY	2026-09-05	2026-09-02	Sunrise Alarm Clock: Wake Up	6758740138	Impression	No page	No page	App Store search				iPhone	iOS 18.6	BR	8	7
DAILY	2026-09-05	2026-09-04	Sunrise Alarm Clock: Wake Up	6758740138	Impression	No page	No page	App Store search				iPad	iOS 17.7	CA	5	5
DAILY	2026-09-05	2026-09-04	Sunrise Alarm Clock: Wake Up	6758740138	Impression	No page	No page	App Store search				iPhone	iOS 26.6	BR	14	14
DAILY	2026-09-05	2026-09-04	Sunrise Alarm Clock: Wake Up	6758740138	Impression	No page	No page	App Store search				iPhone	iOS 26.6	MX	6	6
DAILY	2026-09-05	2026-09-02	Sunrise Alarm Clock: Wake Up	6758740138	Impression	No page	No page	App Store search				iPhone	iOS 26.5	BR	10	8
DAILY	2026-09-05	2026-09-04	Sunrise Alarm Clock: Wake Up	6758740138	Impression	No page	No page	App Store search				iPhone	iOS 16.7	BR	7	7
DAILY	2026-09-05	2026-09-03	Sunrise Alarm Clock: Wake Up	6758740138	Impression	No page	No page	App Store search				iPhone	iOS 26.6	BR	32	26
DAILY	2026-09-05	2026-09-02	Sunrise Alarm Clock: Wake Up	6758740138	Impression	No page	No page	App Store search				iPhone	iOS 26.6	BR	39	36
DAILY	2026-09-05	2026-09-03	Sunrise Alarm Clock: Wake Up	6758740138	Impression	No page	No page	App Store search				iPhone	iOS 18.7	BR	8	8
DAILY	2026-09-05	2026-09-02	Sunrise Alarm Clock: Wake Up	6758740138	Impression	No page	No page	App Store search				iPhone	iOS 26.6	US	6	6
DAILY	2026-09-07	2026-09-05	Sunrise Alarm Clock: Wake Up	6758740138	Impression	No page	No page	App Store search				iPhone	iOS 17.0	BR	18	18
DAILY	2026-09-07	2026-09-04	Sunrise Alarm Clock: Wake Up	6758740138	Impression	No page	No page	App Store search				iPhone	iOS 26.6	MX	6	6
DAILY	2026-09-07	2026-09-06	Sunrise Alarm Clock: Wake Up	6758740138	Impression	No page	No page	App Store search				iPhone	iOS 26.6	ES	6	6
DAILY	2026-09-07	2026-09-06	Sunrise Alarm Clock: Wake Up	6758740138	Impression	No page	No page	App Store search				iPhone	iOS 17.0	BR	11	6
DAILY	2026-09-07	2026-09-05	Sunrise Alarm Clock: Wake Up	6758740138	Impression	No page	No page	App Store search				iPhone	iOS 26.6	BR	29	23
DAILY	2026-09-07	2026-09-04	Sunrise Alarm Clock: Wake Up	6758740138	Impression	No page	No page	App Store search				iPad	iOS 17.7	CA	5	5
DAILY	2026-09-07	2026-09-05	Sunrise Alarm Clock: Wake Up	6758740138	Impression	No page	No page	App Store search				iPhone	iOS 26.5	US	6	6
DAILY	2026-09-07	2026-09-04	Sunrise Alarm Clock: Wake Up	6758740138	Impression	No page	No page	App Store search				iPhone	iOS 17.6	BR	5	5
DAILY	2026-09-07	2026-09-04	Sunrise Alarm Clock: Wake Up	6758740138	Impression	No page	No page	App Store search				iPhone	iOS 26.6	BR	14	14
DAILY	2026-09-07	2026-09-05	Sunrise Alarm Clock: Wake Up	6758740138	Impression	No page	No page	App Store search				iPhone	iOS 26.6	US	9	5
DAILY	2026-09-07	2026-09-04	Sunrise Alarm Clock: Wake Up	6758740138	Impression	No page	No page	App Store search				iPhone	iOS 26.5	BR	7	5
DAILY	2026-09-07	2026-09-04	Sunrise Alarm Clock: Wake Up	6758740138	Impression	No page	No page	App Store search				iPhone	iOS 16.7	BR	7	7
DAILY	2026-09-07	2026-09-04	Sunrise Alarm Clock: Wake Up	6758740138	Impression	No page	No page	App Store search				iPhone	iOS 18.7	BR	9	8
DAILY	2026-09-07	2026-09-06	Sunrise Alarm Clock: Wake Up	6758740138	Impression	No page	No page	App Store search				iPhone	iOS 26.6	BR	22	18
DAILY	2026-09-07	2026-09-06	Sunrise Alarm Clock: Wake Up	6758740138	Impression	No page	No page	App Store search				iPhone	iOS 26.6	US	8	7
DAILY	2026-09-07	2026-09-05	Sunrise Alarm Clock: Wake Up	6758740138	Impression	No page	No page	App Store search				iPhone	iOS 18.7	BR	6	6
DAILY	2026-09-07	2026-09-06	Sunrise Alarm Clock: Wake Up	6758740138	Impression	No page	No page	App Store search				iPhone	iOS 26.6	PL	5	5
DAILY	2026-09-08	2026-09-06	Sunrise Alarm Clock: Wake Up	6758740138	Impression	No page	No page	App Store search				iPhone	iOS 17.0	BR	11	6
DAILY	2026-09-08	2026-09-07	Sunrise Alarm Clock: Wake Up	6758740138	Page view	Product page	Default product page	App Store search				iPhone	iOS 26.6	JP	5	5
DAILY	2026-09-08	2026-09-07	Sunrise Alarm Clock: Wake Up	6758740138	Impression	No page	No page	App Store search				iPhone	iOS 26.6	TR	5	5
DAILY	2026-09-08	2026-09-07	Sunrise Alarm Clock: Wake Up	6758740138	Impression	No page	No page	App Store search				iPhone	iOS 26.6	SA	5	5
DAILY	2026-09-08	2026-09-05	Sunrise Alarm Clock: Wake Up	6758740138	Impression	No page	No page	App Store search				iPhone	iOS 26.6	BR	29	23
DAILY	2026-09-08	2026-09-05	Sunrise Alarm Clock: Wake Up	6758740138	Impression	No page	No page	App Store search				iPhone	iOS 26.6	US	9	5
DAILY	2026-09-08	2026-09-07	Sunrise Alarm Clock: Wake Up	6758740138	Tap	Product page	Default product page	App Store browse			Get	iPhone	iOS 26.6	FR	5	5
DAILY	2026-09-08	2026-09-06	Sunrise Alarm Clock: Wake Up	6758740138	Impression	No page	No page	App Store search				iPhone	iOS 26.6	PL	5	5
DAILY	2026-09-08	2026-09-07	Sunrise Alarm Clock: Wake Up	6758740138	Impression	No page	No page	App Store search				iPhone	iOS 26.6	BR	16	14
DAILY	2026-09-08	2026-09-05	Sunrise Alarm Clock: Wake Up	6758740138	Impression	No page	No page	App Store search				iPhone	iOS 17.0	BR	18	18
DAILY	2026-09-08	2026-09-06	Sunrise Alarm Clock: Wake Up	6758740138	Impression	No page	No page	App Store search				iPhone	iOS 26.6	BR	22	18
DAILY	2026-09-08	2026-09-05	Sunrise Alarm Clock: Wake Up	6758740138	Impression	No page	No page	App Store search				iPhone	iOS 26.5	US	6	6
DAILY	2026-09-08	2026-09-06	Sunrise Alarm Clock: Wake Up	6758740138	Impression	No page	No page	App Store search				iPhone	iOS 26.6	US	8	7
DAILY	2026-09-08	2026-09-07	Sunrise Alarm Clock: Wake Up	6758740138	Impression	No page	No page	App Store search				iPhone	iOS 18.7	MA	5	5
DAILY	2026-09-08	2026-09-06	Sunrise Alarm Clock: Wake Up	6758740138	Impression	No page	No page	App Store search				iPhone	iOS 26.6	ES	6	6
DAILY	2026-09-08	2026-09-05	Sunrise Alarm Clock: Wake Up	6758740138	Impression	No page	No page	App Store search				iPhone	iOS 18.7	BR	6	6
DAILY	2026-09-08	2026-09-07	Sunrise Alarm Clock: Wake Up	6758740138	Impression	No page	No page	App Store search				iPhone	iOS 26.6	JP	10	7
DAILY	2026-09-08	2026-09-07	Sunrise Alarm Clock: Wake Up	6758740138	Impression	No page	No page	App Store search				iPhone	iOS 18.7	CN	5	5
DAILY	2026-09-10	2026-09-07	Sunrise Alarm Clock: Wake Up	6758740138	Impression	No page	No page	App Store search				iPhone	iOS 26.6	JP	10	7
DAILY	2026-09-10	2026-09-08	Sunrise Alarm Clock: Wake Up	6758740138	Impression	No page	No page	App Store search				iPhone	iOS 26.5	US	5	5
DAILY	2026-09-10	2026-09-08	Sunrise Alarm Clock: Wake Up	6758740138	Impression	No page	No page	App Store search				iPhone	iOS 26.6	CA	7	7
DAILY	2026-09-10	2026-09-07	Sunrise Alarm Clock: Wake Up	6758740138	Impression	No page	No page	App Store search				iPhone	iOS 26.6	BR	16	14
DAILY	2026-09-10	2026-09-09	Sunrise Alarm Clock: Wake Up	6758740138	Impression	No page	No page	App Store search				iPhone	iOS 26.6	JP	9	9
DAILY	2026-09-10	2026-09-08	Sunrise Alarm Clock: Wake Up	6758740138	Impression	No page	No page	App Store search				iPhone	iOS 26.6	US	8	8
DAILY	2026-09-10	2026-09-07	Sunrise Alarm Clock: Wake Up	6758740138	Impression	No page	No page	App Store search				iPhone	iOS 26.6	SA	5	5
DAILY	2026-09-10	2026-09-08	Sunrise Alarm Clock: Wake Up	6758740138	Impression	No page	No page	App Store search				iPhone	iOS 26.6	BR	28	23
DAILY	2026-09-10	2026-09-07	Sunrise Alarm Clock: Wake Up	6758740138	Impression	No page	No page	App Store search				iPhone	iOS 18.7	CN	5	5
DAILY	2026-09-10	2026-09-09	Sunrise Alarm Clock: Wake Up	6758740138	Impression	No page	No page	App Store search				iPhone	iOS 26.6	DE	5	5
DAILY	2026-09-10	2026-09-09	Sunrise Alarm Clock: Wake Up	6758740138	Impression	No page	No page	App Store search				iPhone	iOS 26.6	BR	20	16
DAILY	2026-09-10	2026-09-07	Sunrise Alarm Clock: Wake Up	6758740138	Impression	No page	No page	App Store search				iPhone	iOS 26.6	TR	5	5
DAILY	2026-09-10	2026-09-07	Sunrise Alarm Clock: Wake Up	6758740138	Tap	Product page	Default product page	App Store browse			Get	iPhone	iOS 26.6	FR	5	5
DAILY	2026-09-10	2026-09-09	Sunrise Alarm Clock: Wake Up	6758740138	Impression	No page	No page	App Store search				iPhone	iOS 26.5	BR	11	7
DAILY	2026-09-10	2026-09-09	Sunrise Alarm Clock: Wake Up	6758740138	Impression	No page	No page	App Store search				iPhone	iOS 26.6	US	9	7
DAILY	2026-09-10	2026-09-08	Sunrise Alarm Clock: Wake Up	6758740138	Impression	No page	No page	App Store search				iPhone	iOS 18.7	SA	6	6
DAILY	2026-09-10	2026-09-07	Sunrise Alarm Clock: Wake Up	6758740138	Page view	Product page	Default product page	App Store search				iPhone	iOS 26.6	JP	5	5
DAILY	2026-09-10	2026-09-08	Sunrise Alarm Clock: Wake Up	6758740138	Impression	No page	No page	App Store search				iPad	iOS 26.6	US	6	6
DAILY	2026-09-10	2026-09-07	Sunrise Alarm Clock: Wake Up	6758740138	Impression	No page	No page	App Store search				iPhone	iOS 18.7	MA	5	5
DAILY	2026-09-10	2026-09-08	Sunrise Alarm Clock: Wake Up	6758740138	Impression	No page	No page	App Store search				iPhone	iOS 18.7	BR	19	8
DAILY	2026-09-12	2026-09-10	Sunrise Alarm Clock: Wake Up	6758740138	Impression	No page	No page	App Store search				iPhone	iOS 18.7	BR	6	6
DAILY	2026-09-12	2026-09-10	Sunrise Alarm Clock: Wake Up	6758740138	Impression	No page	No page	App Store search				iPhone	iOS 26.6	RU	8	6
DAILY	2026-09-12	2026-09-11	Sunrise Alarm Clock: Wake Up	6758740138	Impression	No page	No page	App Store search				iPhone	iOS 26.6	BR	25	20
DAILY	2026-09-12	2026-09-11	Sunrise Alarm Clock: Wake Up	6758740138	Impression	No page	No page	App Store search				iPhone	iOS 26.5	RU	6	5
DAILY	2026-09-12	2026-09-11	Sunrise Alarm Clock: Wake Up	6758740138	Impression	No page	No page	App Store search				iPhone	iOS 26.6	US	7	7
DAILY	2026-09-12	2026-09-11	Sunrise Alarm Clock: Wake Up	6758740138	Impression	No page	No page	App Store search				iPhone	iOS 26.5	BR	11	11
DAILY	2026-09-12	2026-09-10	Sunrise Alarm Clock: Wake Up	6758740138	Impression	No page	No page	App Store search				iPhone	iOS 26.6	US	8	6
DAILY	2026-09-12	2026-09-09	Sunrise Alarm Clock: Wake Up	6758740138	Impression	No page	No page	App Store search				iPhone	iOS 26.6	JP	9	9
DAILY	2026-09-12	2026-09-11	Sunrise Alarm Clock: Wake Up	6758740138	Tap	Product page	Default product page	App Store browse			Get	iPhone	iOS 26.6	FR	5	5
DAILY	2026-09-12	2026-09-10	Sunrise Alarm Clock: Wake Up	6758740138	Impression	No page	No page	App Store search				iPhone	iOS 26.6	BR	28	24
DAILY	2026-09-12	2026-09-10	Sunrise Alarm Clock: Wake Up	6758740138	Impression	No page	No page	App Store search				iPhone	iOS 26.6	FR	8	8
DAILY	2026-09-12	2026-09-09	Sunrise Alarm Clock: Wake Up	6758740138	Impression	No page	No page	App Store search				iPhone	iOS 26.6	BR	20	16
DAILY	2026-09-12	2026-09-09	Sunrise Alarm Clock: Wake Up	6758740138	Impression	No page	No page	App Store search				iPhone	iOS 26.6	DE	5	5
DAILY	2026-09-12	2026-09-09	Sunrise Alarm Clock: Wake Up	6758740138	Impression	No page	No page	App Store search				iPhone	iOS 26.6	US	9	7
DAILY	2026-09-12	2026-09-11	Sunrise Alarm Clock: Wake Up	6758740138	Impression	No page	No page	App Store search				iPhone	iOS 26.6	FR	10	5
DAILY	2026-09-12	2026-09-10	Sunrise Alarm Clock: Wake Up	6758740138	Impression	No page	No page	App Store search				iPhone	iOS 26.5	BR	5	5
DAILY	2026-09-12	2026-09-10	Sunrise Alarm Clock: Wake Up	6758740138	Impression	No page	No page	App Store search				iPhone	iOS 26.6	MX	5	5
DAILY	2026-09-12	2026-09-09	Sunrise Alarm Clock: Wake Up	6758740138	Impression	No page	No page	App Store search				iPhone	iOS 26.5	BR	11	7
DAILY	2026-09-12	2026-09-11	Sunrise Alarm Clock: Wake Up	6758740138	Page view	Product page	Default product page	Web referrer	google.com			iPhone	iOS 26.6	FR	5	5
DAILY	2026-09-12	2026-09-11	Sunrise Alarm Clock: Wake Up	6758740138	Impression	No page	No page	App Store search				iPhone	iOS 18.7	BR	8	5
DAILY	2026-09-13	2026-09-11	Sunrise Alarm Clock: Wake Up	6758740138	Page view	Product page	Default product page	Web referrer	google.com			iPhone	iOS 26.6	FR	5	5
DAILY	2026-09-13	2026-09-10	Sunrise Alarm Clock: Wake Up	6758740138	Impression	No page	No page	App Store search				iPhone	iOS 26.6	RU	8	6
DAILY	2026-09-13	2026-09-12	Sunrise Alarm Clock: Wake Up	6758740138	Impression	No page	No page	App Store search				iPhone	iOS 26.6	AU	5	5
DAILY	2026-09-13	2026-09-12	Sunrise Alarm Clock: Wake Up	6758740138	Impression	No page	No page	App Store search				iPhone	iOS 16.7	BR	6	5
DAILY	2026-09-13	2026-09-10	Sunrise Alarm Clock: Wake Up	6758740138	Impression	No page	No page	App Store search				iPhone	iOS 18.7	BR	6	6
DAILY	2026-09-13	2026-09-11	Sunrise Alarm Clock: Wake Up	6758740138	Impression	No page	No page	App Store search				iPhone	iOS 26.5	RU	6	5
DAILY	2026-09-13	2026-09-11	Sunrise Alarm Clock: Wake Up	6758740138	Impression	No page	No page	App Store search				iPhone	iOS 26.5	BR	11	11
DAILY	2026-09-13	2026-09-11	Sunrise Alarm Clock: Wake Up	6758740138	Impression	No page	No page	App Store search				iPhone	iOS 26.6	US	7	7
DAILY	2026-09-13	2026-09-12	Sunrise Alarm Clock: Wake Up	6758740138	Impression	No page	No page	App Store search				iPhone	iOS 26.6	VN	5	5
DAILY	2026-09-13	2026-09-10	Sunrise Alarm Clock: Wake Up	6758740138	Impression	No page	No page	App Store search				iPhone	iOS 26.6	US	8	6
DAILY	2026-09-13	2026-09-11	Sunrise Alarm Clock: Wake Up	6758740138	Impression	No page	No page	App Store search				iPhone	iOS 26.6	BR	25	20
DAILY	2026-09-13	2026-09-12	Sunrise Alarm Clock: Wake Up	6758740138	Impression	No page	No page	App Store search				iPhone	iOS 26.6	BR	27	17
DAILY	2026-09-13	2026-09-11	Sunrise Alarm Clock: Wake Up	6758740138	Impression	No page	No page	App Store search				iPhone	iOS 26.6	FR	10	5
DAILY	2026-09-13	2026-09-10	Sunrise Alarm Clock: Wake Up	6758740138	Impression	No page	No page	App Store search				iPhone	iOS 26.5	BR	5	5
DAILY	2026-09-13	2026-09-10	Sunrise Alarm Clock: Wake Up	6758740138	Impression	No page	No page	App Store search				iPhone	iOS 26.6	BR	28	24
DAILY	2026-09-13	2026-09-12	Sunrise Alarm Clock: Wake Up	6758740138	Impression	No page	No page	App Store search				iPhone	iOS 26.6	DE	11	11
DAILY	2026-09-13	2026-09-11	Sunrise Alarm Clock: Wake Up	6758740138	Tap	Product page	Default product page	App Store browse			Get	iPhone	iOS 26.6	FR	5	5
DAILY	2026-09-13	2026-09-12	Sunrise Alarm Clock: Wake Up	6758740138	Impression	No page	No page	App Store search				iPhone	iOS 26.6	ES	7	7
DAILY	2026-09-13	2026-09-10	Sunrise Alarm Clock: Wake Up	6758740138	Impression	No page	No page	App Store search				iPhone	iOS 26.6	MX	5	5
DAILY	2026-09-13	2026-09-11	Sunrise Alarm Clock: Wake Up	6758740138	Impression	No page	No page	App Store search				iPhone	iOS 18.7	BR	8	5
DAILY	2026-09-13	2026-09-10	Sunrise Alarm Clock: Wake Up	6758740138	Impression	No page	No page	App Store search				iPhone	iOS 26.6	FR	8	8
DAILY	2026-09-13	2026-09-12	Sunrise Alarm Clock: Wake Up	6758740138	Impression	No page	No page	App Store search				iPhone	iOS 18.7	BR	11	6
DAILY	2026-09-14	2026-09-12	Sunrise Alarm Clock: Wake Up	6758740138	Impression	No page	No page	App Store search				iPhone	iOS 26.6	DE	11	11
DAILY	2026-09-14	2026-09-11	Sunrise Alarm Clock: Wake Up	6758740138	Impression	No page	No page	App Store search				iPhone	iOS 26.6	FR	10	5
DAILY	2026-09-14	2026-09-11	Sunrise Alarm Clock: Wake Up	6758740138	Impression	No page	No page	App Store search				iPhone	iOS 26.6	US	7	7
DAILY	2026-09-14	2026-09-13	Sunrise Alarm Clock: Wake Up	6758740138	Impression	No page	No page	App Store search				iPhone	iOS 18.7	BR	7	5
DAILY	2026-09-14	2026-09-13	Sunrise Alarm Clock: Wake Up	6758740138	Impression	No page	No page	App Store search				iPhone	iOS 26.5	BR	7	7
DAILY	2026-09-14	2026-09-13	Sunrise Alarm Clock: Wake Up	6758740138	Impression	No page	No page	App Store search				iPhone	iOS 26.6	BR	26	19
DAILY	2026-09-14	2026-09-13	Sunrise Alarm Clock: Wake Up	6758740138	Impression	No page	No page	App Store search				iPhone	iOS 26.6	ES	7	6
DAILY	2026-09-14	2026-09-12	Sunrise Alarm Clock: Wake Up	6758740138	Impression	No page	No page	App Store search				iPhone	iOS 26.6	BR	27	17
DAILY	2026-09-14	2026-09-11	Sunrise Alarm Clock: Wake Up	6758740138	Impression	No page	No page	App Store search				iPhone	iOS 18.7	BR	8	5
DAILY	2026-09-14	2026-09-13	Sunrise Alarm Clock: Wake Up	6758740138	Impression	No page	No page	App Store search				iPhone	iOS 26.6	IT	14	9
DAILY	2026-09-14	2026-09-13	Sunrise Alarm Clock: Wake Up	6758740138	Impression	No page	No page	App Store search				iPhone	iOS 18.7	IT	7	7
DAILY	2026-09-14	2026-09-13	Sunrise Alarm Clock: Wake Up	6758740138	Tap	Product page	Default product page	App Store browse			Get	iPhone	iOS 26.6	FR	8	7
DAILY	2026-09-14	2026-09-13	Sunrise Alarm Clock: Wake Up	6758740138	Impression	No page	No page	App Store search				iPhone	iOS 26.6	US	16	13
DAILY	2026-09-14	2026-09-13	Sunrise Alarm Clock: Wake Up	6758740138	Impression	No page	No page	App Store search				iPad	iOS 26.6	US	8	6
DAILY	2026-09-14	2026-09-13	Sunrise Alarm Clock: Wake Up	6758740138	Tap	Product page	Default product page	App Store browse			Open	iPhone	iOS 26.6	FR	6	6
DAILY	2026-09-14	2026-09-12	Sunrise Alarm Clock: Wake Up	6758740138	Impression	No page	No page	App Store search				iPhone	iOS 26.6	VN	5	5
DAILY	2026-09-14	2026-09-12	Sunrise Alarm Clock: Wake Up	6758740138	Impression	No page	No page	App Store search				iPhone	iOS 18.7	BR	11	6
DAILY	2026-09-14	2026-09-11	Sunrise Alarm Clock: Wake Up	6758740138	Impression	No page	No page	App Store search				iPhone	iOS 26.5	BR	11	11
DAILY	2026-09-14	2026-09-13	Sunrise Alarm Clock: Wake Up	6758740138	Impression	No page	No page	App Store search				iPhone	iOS 26.2	IT	5	5
DAILY	2026-09-14	2026-09-12	Sunrise Alarm Clock: Wake Up	6758740138	Impression	No page	No page	App Store search				iPhone	iOS 16.7	BR	6	5
DAILY	2026-09-14	2026-09-12	Sunrise Alarm Clock: Wake Up	6758740138	Impression	No page	No page	App Store search				iPhone	iOS 26.6	ES	7	7
DAILY	2026-09-14	2026-09-11	Sunrise Alarm Clock: Wake Up	6758740138	Impression	No page	No page	App Store search				iPhone	iOS 26.6	BR	25	20
DAILY	2026-09-14	2026-09-11	Sunrise Alarm Clock: Wake Up	6758740138	Page view	Product page	Default product page	Web referrer	google.com			iPhone	iOS 26.6	FR	5	5
DAILY	2026-09-14	2026-09-11	Sunrise Alarm Clock: Wake Up	6758740138	Impression	No page	No page	App Store search				iPhone	iOS 26.5	RU	6	5
DAILY	2026-09-14	2026-09-13	Sunrise Alarm Clock: Wake Up	6758740138	Impression	No page	No page	App Store search				iPhone	iOS 26.6	KR	6	6
DAILY	2026-09-14	2026-09-13	Sunrise Alarm Clock: Wake Up	6758740138	Impression	No page	No page	App Store search				iPad	iOS 26.6	JP	6	6
DAILY	2026-09-14	2026-09-13	Sunrise Alarm Clock: Wake Up	6758740138	Impression	No page	No page	App Store search				iPhone	iOS 26.6	TR	5	5
DAILY	2026-09-14	2026-09-12	Sunrise Alarm Clock: Wake Up	6758740138	Impression	No page	No page	App Store search				iPhone	iOS 26.6	AU	5	5
DAILY	2026-09-14	2026-09-13	Sunrise Alarm Clock: Wake Up	6758740138	Page view	Product page	Default product page	App referrer	com.openai.chat			iPhone	iOS 26.6	FR	10	6
DAILY	2026-09-14	2026-09-11	Sunrise Alarm Clock: Wake Up	6758740138	Tap	Product page	Default product page	App Store browse			Get	iPhone	iOS 26.6	FR	5	5
DAILY	2026-09-15	2026-09-13	Sunrise Alarm Clock: Wake Up	6758740138	Impression	No page	No page	App Store search				iPhone	iOS 26.6	IT	14	9
DAILY	2026-09-15	2026-09-14	Sunrise Alarm Clock: Wake Up	6758740138	Impression	No page	No page	App Store search				iPhone	iOS 26.6	FR	7	7
DAILY	2026-09-15	2026-09-13	Sunrise Alarm Clock: Wake Up	6758740138	Impression	No page	No page	App Store search				iPhone	iOS 26.6	TR	5	5
DAILY	2026-09-15	2026-09-13	Sunrise Alarm Clock: Wake Up	6758740138	Impression	No page	No page	App Store search				iPhone	iOS 26.6	US	16	13
DAILY	2026-09-15	2026-09-13	Sunrise Alarm Clock: Wake Up	6758740138	Impression	No page	No page	App Store search				iPhone	iOS 26.6	ES	7	6
DAILY	2026-09-15	2026-09-13	Sunrise Alarm Clock: Wake Up	6758740138	Impression	No page	No page	App Store search				iPad	iOS 26.6	JP	6	6
DAILY	2026-09-15	2026-09-13	Sunrise Alarm Clock: Wake Up	6758740138	Impression	No page	No page	App Store search				iPhone	iOS 26.2	IT	5	5
DAILY	2026-09-15	2026-09-13	Sunrise Alarm Clock: Wake Up	6758740138	Tap	Product page	Default product page	App Store browse			Open	iPhone	iOS 26.6	FR	6	6
DAILY	2026-09-15	2026-09-14	Sunrise Alarm Clock: Wake Up	6758740138	Impression	No page	No page	App Store search				iPhone	iOS 26.5	BR	5	5
DAILY	2026-09-15	2026-09-12	Sunrise Alarm Clock: Wake Up	6758740138	Impression	No page	No page	App Store search				iPhone	iOS 18.7	BR	11	6
DAILY	2026-09-15	2026-09-12	Sunrise Alarm Clock: Wake Up	6758740138	Impression	No page	No page	App Store search				iPhone	iOS 16.7	BR	6	5
DAILY	2026-09-15	2026-09-14	Sunrise Alarm Clock: Wake Up	6758740138	Impression	No page	No page	App Store search				iPhone	iOS 26.6	BR	28	25
DAILY	2026-09-15	2026-09-12	Sunrise Alarm Clock: Wake Up	6758740138	Impression	No page	No page	App Store search				iPhone	iOS 26.6	ES	7	7
DAILY	2026-09-15	2026-09-14	Sunrise Alarm Clock: Wake Up	6758740138	Impression	No page	No page	App Store search				iPhone	iOS 26.6	US	23	16
DAILY	2026-09-15	2026-09-13	Sunrise Alarm Clock: Wake Up	6758740138	Tap	Product page	Default product page	App Store browse			Get	iPhone	iOS 26.6	FR	8	7
DAILY	2026-09-15	2026-09-14	Sunrise Alarm Clock: Wake Up	6758740138	Impression	No page	No page	App Store search				iPhone	iOS 26.6	PL	5	5
DAILY	2026-09-15	2026-09-14	Sunrise Alarm Clock: Wake Up	6758740138	Impression	No page	No page	App Store search				iPhone	iOS 26.5	DE	5	5
DAILY	2026-09-15	2026-09-14	Sunrise Alarm Clock: Wake Up	6758740138	Impression	No page	No page	App Store search				iPhone	iOS 26.6	DE	7	6
DAILY	2026-09-15	2026-09-12	Sunrise Alarm Clock: Wake Up	6758740138	Impression	No page	No page	App Store search				iPhone	iOS 26.6	BR	27	17
DAILY	2026-09-15	2026-09-13	Sunrise Alarm Clock: Wake Up	6758740138	Page view	Product page	Default product page	App referrer	com.openai.chat			iPhone	iOS 26.6	FR	10	6
DAILY	2026-09-15	2026-09-13	Sunrise Alarm Clock: Wake Up	6758740138	Impression	No page	No page	App Store search				iPhone	iOS 26.5	BR	7	7
DAILY	2026-09-15	2026-09-12	Sunrise Alarm Clock: Wake Up	6758740138	Impression	No page	No page	App Store search				iPhone	iOS 26.6	VN	5	5
DAILY	2026-09-15	2026-09-13	Sunrise Alarm Clock: Wake Up	6758740138	Impression	No page	No page	App Store search				iPhone	iOS 26.6	BR	26	19
DAILY	2026-09-15	2026-09-13	Sunrise Alarm Clock: Wake Up	6758740138	Impression	No page	No page	App Store search				iPhone	iOS 18.7	IT	7	7
DAILY	2026-09-15	2026-09-14	Sunrise Alarm Clock: Wake Up	6758740138	Impression	No page	No page	App Store search				iPad	iOS 26.6	US	9	9
DAILY	2026-09-15	2026-09-12	Sunrise Alarm Clock: Wake Up	6758740138	Impression	No page	No page	App Store search				iPhone	iOS 26.6	AU	5	5
DAILY	2026-09-15	2026-09-13	Sunrise Alarm Clock: Wake Up	6758740138	Impression	No page	No page	App Store search				iPhone	iOS 18.7	BR	7	5
DAILY	2026-09-15	2026-09-12	Sunrise Alarm Clock: Wake Up	6758740138	Impression	No page	No page	App Store search				iPhone	iOS 26.6	DE	11	11
DAILY	2026-09-15	2026-09-13	Sunrise Alarm Clock: Wake Up	6758740138	Impression	No page	No page	App Store search				iPhone	iOS 26.6	KR	6	6
DAILY	2026-09-15	2026-09-14	Sunrise Alarm Clock: Wake Up	6758740138	Impression	No page	No page	App Store search				iPad	iOS 26.6	ES	5	5
DAILY	2026-09-15	2026-09-13	Sunrise Alarm Clock: Wake Up	6758740138	Impression	No page	No page	App Store search				iPad	iOS 26.6	US	8	6
DAILY	2026-09-15	2026-09-14	Sunrise Alarm Clock: Wake Up	6758740138	Impression	No page	No page	App Store search				iPhone	iOS 18.7	BR	14	11
DAILY	2026-09-16	2026-09-13	Sunrise Alarm Clock: Wake Up	6758740138	Impression	No page	No page	App Store search				iPhone	iOS 18.7	IT	7	7
DAILY	2026-09-16	2026-09-15	Sunrise Alarm Clock: Wake Up	6758740138	Impression	No page	No page	App Store search				iPad	iOS 26.6	CN	5	5
DAILY	2026-09-16	2026-09-14	Sunrise Alarm Clock: Wake Up	6758740138	Impression	No page	No page	App Store search				iPhone	iOS 26.5	BR	5	5
DAILY	2026-09-16	2026-09-15	Sunrise Alarm Clock: Wake Up	6758740138	Impression	No page	No page	App Store search				iPhone	iOS 26.6	FR	12	12
DAILY	2026-09-16	2026-09-14	Sunrise Alarm Clock: Wake Up	6758740138	Impression	No page	No page	App Store search				iPhone	iOS 18.7	BR	14	11
DAILY	2026-09-16	2026-09-14	Sunrise Alarm Clock: Wake Up	6758740138	Impression	No page	No page	App Store search				iPhone	iOS 26.6	PL	5	5
DAILY	2026-09-16	2026-09-15	Sunrise Alarm Clock: Wake Up	6758740138	Impression	No page	No page	App Store search				iPhone	iOS 26.6	SA	9	9
DAILY	2026-09-16	2026-09-13	Sunrise Alarm Clock: Wake Up	6758740138	Impression	No page	No page	App Store search				iPad	iOS 26.6	US	8	6
DAILY	2026-09-16	2026-09-15	Sunrise Alarm Clock: Wake Up	6758740138	Impression	No page	No page	App Store search				iPhone	iOS 26.6	BR	17	13
DAILY	2026-09-16	2026-09-14	Sunrise Alarm Clock: Wake Up	6758740138	Impression	No page	No page	App Store search				iPhone	iOS 26.6	BR	28	25
DAILY	2026-09-16	2026-09-13	Sunrise Alarm Clock: Wake Up	6758740138	Page view	Product page	Default product page	App referrer	com.openai.chat			iPhone	iOS 26.6	FR	10	6
DAILY	2026-09-16	2026-09-14	Sunrise Alarm Clock: Wake Up	6758740138	Impression	No page	No page	App Store search				iPhone	iOS 26.5	DE	5	5
DAILY	2026-09-16	2026-09-13	Sunrise Alarm Clock: Wake Up	6758740138	Impression	No page	No page	App Store search				iPhone	iOS 26.6	TR	5	5
DAILY	2026-09-16	2026-09-13	Sunrise Alarm Clock: Wake Up	6758740138	Impression	No page	No page	App Store search				iPhone	iOS 26.5	BR	7	7
DAILY	2026-09-16	2026-09-15	Sunrise Alarm Clock: Wake Up	6758740138	Impression	No page	No page	App Store search				iPhone	iOS 26.6	US	23	19
DAILY	2026-09-16	2026-09-13	Sunrise Alarm Clock: Wake Up	6758740138	Impression	No page	No page	App Store search				iPhone	iOS 26.6	KR	6	6
DAILY	2026-09-16	2026-09-15	Sunrise Alarm Clock: Wake Up	6758740138	Impression	No page	No page	App Store search				iPhone	iOS 26.5	FR	6	6
DAILY	2026-09-16	2026-09-14	Sunrise Alarm Clock: Wake Up	6758740138	Impression	No page	No page	App Store search				iPhone	iOS 26.6	DE	7	6
DAILY	2026-09-16	2026-09-14	Sunrise Alarm Clock: Wake Up	6758740138	Impression	No page	No page	App Store search				iPhone	iOS 26.6	US	23	16
DAILY	2026-09-16	2026-09-13	Sunrise Alarm Clock: Wake Up	6758740138	Impression	No page	No page	App Store search				iPhone	iOS 26.6	BR	26	19
DAILY	2026-09-16	2026-09-13	Sunrise Alarm Clock: Wake Up	6758740138	Impression	No page	No page	App Store search				iPhone	iOS 18.7	BR	7	5
DAILY	2026-09-16	2026-09-13	Sunrise Alarm Clock: Wake Up	6758740138	Tap	Product page	Default product page	App Store browse			Open	iPhone	iOS 26.6	FR	6	6
DAILY	2026-09-16	2026-09-15	Sunrise Alarm Clock: Wake Up	6758740138	Impression	No page	No page	App Store search				iPhone	iOS 26.6	JP	9	9
DAILY	2026-09-16	2026-09-15	Sunrise Alarm Clock: Wake Up	6758740138	Impression	No page	No page	App Store search				iPhone	iOS 26.6	CA	5	5
DAILY	2026-09-16	2026-09-14	Sunrise Alarm Clock: Wake Up	6758740138	Impression	No page	No page	App Store search				iPhone	iOS 26.6	FR	7	7
DAILY	2026-09-16	2026-09-15	Sunrise Alarm Clock: Wake Up	6758740138	Impression	No page	No page	App Store search				iPhone	iOS 26.6	IT	8	8
DAILY	2026-09-16	2026-09-13	Sunrise Alarm Clock: Wake Up	6758740138	Impression	No page	No page	App Store search				iPhone	iOS 26.6	ES	7	6
DAILY	2026-09-16	2026-09-14	Sunrise Alarm Clock: Wake Up	6758740138	Impression	No page	No page	App Store search				iPad	iOS 26.6	US	9	9
DAILY	2026-09-16	2026-09-13	Sunrise Alarm Clock: Wake Up	6758740138	Impression	No page	No page	App Store search				iPhone	iOS 26.6	US	16	13
DAILY	2026-09-16	2026-09-15	Sunrise Alarm Clock: Wake Up	6758740138	Impression	No page	No page	App Store search				iPhone	iOS 18.7	BR	7	7
DAILY	2026-09-16	2026-09-13	Sunrise Alarm Clock: Wake Up	6758740138	Impression	No page	No page	App Store search				iPhone	iOS 26.6	IT	15	9
DAILY	2026-09-16	2026-09-13	Sunrise Alarm Clock: Wake Up	6758740138	Impression	No page	No page	App Store search				iPad	iOS 26.6	JP	6	6
DAILY	2026-09-16	2026-09-15	Sunrise Alarm Clock: Wake Up	6758740138	Impression	No page	No page	App Store search				iPhone	iOS 26.6	GB	5	5
DAILY	2026-09-16	2026-09-14	Sunrise Alarm Clock: Wake Up	6758740138	Impression	No page	No page	App Store search				iPad	iOS 26.6	ES	5	5
DAILY	2026-09-16	2026-09-13	Sunrise Alarm Clock: Wake Up	6758740138	Impression	No page	No page	App Store search				iPhone	iOS 26.2	IT	5	5
DAILY	2026-09-16	2026-09-13	Sunrise Alarm Clock: Wake Up	6758740138	Tap	Product page	Default product page	App Store browse			Get	iPhone	iOS 26.6	FR	8	7
DAILY	2026-09-17	2026-09-15	Sunrise Alarm Clock: Wake Up	6758740138	Impression	No page	No page	App Store search				iPhone	iOS 26.6	IT	8	8
DAILY	2026-09-17	2026-09-15	Sunrise Alarm Clock: Wake Up	6758740138	Impression	No page	No page	App Store search				iPhone	iOS 26.6	SA	9	9
DAILY	2026-09-17	2026-09-14	Sunrise Alarm Clock: Wake Up	6758740138	Impression	No page	No page	App Store search				iPhone	iOS 26.5	DE	5	5
DAILY	2026-09-17	2026-09-15	Sunrise Alarm Clock: Wake Up	6758740138	Impression	No page	No page	App Store search				iPhone	iOS 18.7	BR	7	7
DAILY	2026-09-17	2026-09-15	Sunrise Alarm Clock: Wake Up	6758740138	Impression	No page	No page	App Store search				iPhone	iOS 26.6	GB	5	5
DAILY	2026-09-17	2026-09-14	Sunrise Alarm Clock: Wake Up	6758740138	Impression	No page	No page	App Store search				iPhone	iOS 26.6	BR	28	25
DAILY	2026-09-17	2026-09-14	Sunrise Alarm Clock: Wake Up	6758740138	Impression	No page	No page	App Store search				iPad	iOS 26.6	US	9	9
DAILY	2026-09-17	2026-09-15	Sunrise Alarm Clock: Wake Up	6758740138	Impression	No page	No page	App Store search				iPhone	iOS 26.6	FR	12	12
DAILY	2026-09-17	2026-09-15	Sunrise Alarm Clock: Wake Up	6758740138	Impression	No page	No page	App Store search				iPad	iOS 26.6	CN	5	5
DAILY	2026-09-17	2026-09-15	Sunrise Alarm Clock: Wake Up	6758740138	Impression	No page	No page	App Store search				iPhone	iOS 26.6	BR	17	13
DAILY	2026-09-17	2026-09-14	Sunrise Alarm Clock: Wake Up	6758740138	Impression	No page	No page	App Store search				iPhone	iOS 26.6	PL	5	5
DAILY	2026-09-17	2026-09-14	Sunrise Alarm Clock: Wake Up	6758740138	Impression	No page	No page	App Store search				iPhone	iOS 26.5	BR	5	5
DAILY	2026-09-17	2026-09-16	Sunrise Alarm Clock: Wake Up	6758740138	Impression	No page	No page	App Store search				iPhone	iOS 18.7	BR	5	5
DAILY	2026-09-17	2026-09-16	Sunrise Alarm Clock: Wake Up	6758740138	Impression	No page	No page	App Store search				iPhone	iOS 26.6	RU	7	6
DAILY	2026-09-17	2026-09-14	Sunrise Alarm Clock: Wake Up	6758740138	Impression	No page	No page	App Store search				iPhone	iOS 26.6	FR	7	7
DAILY	2026-09-17	2026-09-14	Sunrise Alarm Clock: Wake Up	6758740138	Impression	No page	No page	App Store search				iPhone	iOS 26.6	DE	7	6
DAILY	2026-09-17	2026-09-15	Sunrise Alarm Clock: Wake Up	6758740138	Impression	No page	No page	App Store search				iPhone	iOS 26.6	US	23	19
DAILY	2026-09-17	2026-09-14	Sunrise Alarm Clock: Wake Up	6758740138	Impression	No page	No page	App Store search				iPhone	iOS 26.6	US	23	16
DAILY	2026-09-17	2026-09-15	Sunrise Alarm Clock: Wake Up	6758740138	Impression	No page	No page	App Store search				iPhone	iOS 26.6	JP	9	9
DAILY	2026-09-17	2026-09-14	Sunrise Alarm Clock: Wake Up	6758740138	Impression	No page	No page	App Store search				iPhone	iOS 18.7	BR	14	11
DAILY	2026-09-17	2026-09-14	Sunrise Alarm Clock: Wake Up	6758740138	Impression	No page	No page	App Store search				iPad	iOS 26.6	ES	5	5
DAILY	2026-09-17	2026-09-15	Sunrise Alarm Clock: Wake Up	6758740138	Impression	No page	No page	App Store search				iPhone	iOS 26.5	FR	6	6
DAILY	2026-09-17	2026-09-15	Sunrise Alarm Clock: Wake Up	6758740138	Impression	No page	No page	App Store search				iPhone	iOS 26.6	CA	5	5
DAILY	2026-09-17	2026-09-16	Sunrise Alarm Clock: Wake Up	6758740138	Impression	No page	No page	App Store search				iPhone	iOS 26.6	BR	25	18
DAILY	2026-09-17	2026-09-16	Sunrise Alarm Clock: Wake Up	6758740138	Impression	No page	No page	App Store search				iPhone	iOS 26.6	IT	12	11
DAILY	2026-09-17	2026-09-16	Sunrise Alarm Clock: Wake Up	6758740138	Impression	No page	No page	App Store search				iPhone	iOS 26.6	CA	5	5
DAILY	2026-09-17	2026-09-16	Sunrise Alarm Clock: Wake Up	6758740138	Impression	No page	No page	App Store search				iPhone	iOS 26.5	BR	6	6
DAILY	2026-09-17	2026-09-16	Sunrise Alarm Clock: Wake Up	6758740138	Impression	No page	No page	App Store search				iPhone	iOS 26.6	US	14	14
DAILY	2026-09-21	2026-09-20	Sunrise Alarm Clock: Wake Up	6758740138	Impression	No page	No page	App Store search				iPhone	iOS 26.6	BR	12	7
DAILY	2026-09-21	2026-09-19	Sunrise Alarm Clock: Wake Up	6758740138	Impression	No page	No page	App Store search				iPhone	iOS 18.7	BR	11	5
DAILY	2026-09-21	2026-09-19	Sunrise Alarm Clock: Wake Up	6758740138	Impression	No page	No page	App Store search				iPhone	iOS 26.6	BR	10	8
DAILY	2026-09-21	2026-09-20	Sunrise Alarm Clock: Wake Up	6758740138	Impression	No page	No page	App Store search				iPhone	iOS 26.6	FR	11	6
DAILY	2026-09-21	2026-09-20	Sunrise Alarm Clock: Wake Up	6758740138	Impression	No page	No page	App Store search				iPhone	iOS 18.6	AU	5	5
DAILY	2026-09-21	2026-09-18	Sunrise Alarm Clock: Wake Up	6758740138	Impression	No page	No page	App Store search				iPhone	iOS 26.6	RU	5	5
DAILY	2026-09-21	2026-09-18	Sunrise Alarm Clock: Wake Up	6758740138	Impression	No page	No page	App Store search				iPhone	iOS 26.6	BR	20	10
DAILY	2026-09-21	2026-09-20	Sunrise Alarm Clock: Wake Up	6758740138	Impression	No page	No page	App Store search				iPhone	iOS 26.6	SE	9	9
DAILY	2026-09-21	2026-09-18	Sunrise Alarm Clock: Wake Up	6758740138	Impression	No page	No page	App Store search				iPhone	iOS 26.6	IL	5	5
DAILY	2026-09-21	2026-09-18	Sunrise Alarm Clock: Wake Up	6758740138	Impression	No page	No page	App Store search				iPhone	iOS 18.7	BR	12	12
DAILY	2026-09-21	2026-09-20	Sunrise Alarm Clock: Wake Up	6758740138	Impression	No page	No page	App Store search				iPhone	iOS 26.6	JP	13	13
DAILY	2026-09-21	2026-09-18	Sunrise Alarm Clock: Wake Up	6758740138	Impression	No page	No page	App Store search				iPhone	iOS 26.5	BR	9	5
DAILY	2026-09-21	2026-09-19	Sunrise Alarm Clock: Wake Up	6758740138	Impression	No page	No page	App Store search				iPhone	iOS 26.6	JP	7	5
DAILY	2026-09-21	2026-09-19	Sunrise Alarm Clock: Wake Up	6758740138	Impression	No page	No page	App Store search				iPhone	iOS 26.6	US	6	6
DAILY	2026-09-21	2026-09-20	Sunrise Alarm Clock: Wake Up	6758740138	Impression	No page	No page	App Store search				iPhone	iOS 26.6	US	9	9
DAILY	2026-09-22	2026-09-20	Sunrise Alarm Clock: Wake Up	6758740138	Impression	No page	No page	App Store search				iPhone	iOS 18.6	AU	5	5
DAILY	2026-09-22	2026-09-21	Sunrise Alarm Clock: Wake Up	6758740138	Impression	No page	No page	App Store search				iPhone	iOS 26.6	BR	39	25
DAILY	2026-09-22	2026-09-19	Sunrise Alarm Clock: Wake Up	6758740138	Impression	No page	No page	App Store search				iPhone	iOS 18.7	BR	11	5
DAILY	2026-09-22	2026-09-19	Sunrise Alarm Clock: Wake Up	6758740138	Impression	No page	No page	App Store search				iPhone	iOS 26.6	BR	10	8
DAILY	2026-09-22	2026-09-20	Sunrise Alarm Clock: Wake Up	6758740138	Impression	No page	No page	App Store search				iPhone	iOS 26.6	SE	9	9
DAILY	2026-09-22	2026-09-19	Sunrise Alarm Clock: Wake Up	6758740138	Impression	No page	No page	App Store search				iPhone	iOS 26.6	US	6	6
DAILY	2026-09-22	2026-09-21	Sunrise Alarm Clock: Wake Up	6758740138	Impression	No page	No page	App Store search				iPhone	iOS 26.6	US	6	6
DAILY	2026-09-22	2026-09-21	Sunrise Alarm Clock: Wake Up	6758740138	Impression	No page	No page	App Store search				iPhone	iOS 26.5	US	5	5
DAILY	2026-09-22	2026-09-21	Sunrise Alarm Clock: Wake Up	6758740138	Impression	No page	No page	App Store search				iPhone	iOS 26.6	DE	6	5
DAILY	2026-09-22	2026-09-20	Sunrise Alarm Clock: Wake Up	6758740138	Impression	No page	No page	App Store search				iPhone	iOS 26.6	US	9	9
DAILY	2026-09-22	2026-09-20	Sunrise Alarm Clock: Wake Up	6758740138	Impression	No page	No page	App Store search				iPhone	iOS 26.6	JP	13	13
DAILY	2026-09-22	2026-09-21	Sunrise Alarm Clock: Wake Up	6758740138	Impression	No page	No page	App Store search				iPhone	iOS 27.0	CA	7	6
DAILY	2026-09-22	2026-09-21	Sunrise Alarm Clock: Wake Up	6758740138	Impression	No page	No page	App Store search				iPhone	iOS 26.6	FR	5	5
DAILY	2026-09-22	2026-09-20	Sunrise Alarm Clock: Wake Up	6758740138	Impression	No page	No page	App Store search				iPhone	iOS 26.6	BR	12	7
DAILY	2026-09-22	2026-09-20	Sunrise Alarm Clock: Wake Up	6758740138	Impression	No page	No page	App Store search				iPhone	iOS 26.6	FR	11	6
DAILY	2026-09-22	2026-09-19	Sunrise Alarm Clock: Wake Up	6758740138	Impression	No page	No page	App Store search				iPhone	iOS 26.6	JP	7	5
DAILY	2026-09-23	2026-09-22	Sunrise Alarm Clock: Wake Up	6758740138	Impression	No page	No page	App Store search				iPhone	iOS 18.7	BR	8	5
DAILY	2026-09-23	2026-09-22	Sunrise Alarm Clock: Wake Up	6758740138	Impression	No page	No page	App Store search				iPhone	iOS 26.6	ES	5	5
DAILY	2026-09-23	2026-09-21	Sunrise Alarm Clock: Wake Up	6758740138	Impression	No page	No page	App Store search				iPhone	iOS 26.6	FR	5	5
DAILY	2026-09-23	2026-09-22	Sunrise Alarm Clock: Wake Up	6758740138	Impression	No page	No page	App Store search				iPhone	iOS 26.6	US	10	10
DAILY	2026-09-23	2026-09-21	Sunrise Alarm Clock: Wake Up	6758740138	Impression	No page	No page	App Store search				iPhone	iOS 26.6	BR	39	25
DAILY	2026-09-23	2026-09-22	Sunrise Alarm Clock: Wake Up	6758740138	Impression	No page	No page	App Store search				iPhone	iOS 27.0	US	7	7
DAILY	2026-09-23	2026-09-21	Sunrise Alarm Clock: Wake Up	6758740138	Impression	No page	No page	App Store search				iPhone	iOS 26.6	DE	6	5
DAILY	2026-09-23	2026-09-20	Sunrise Alarm Clock: Wake Up	6758740138	Impression	No page	No page	App Store search				iPhone	iOS 26.6	US	9	9
DAILY	2026-09-23	2026-09-21	Sunrise Alarm Clock: Wake Up	6758740138	Impression	No page	No page	App Store search				iPhone	iOS 26.5	US	5	5
DAILY	2026-09-23	2026-09-22	Sunrise Alarm Clock: Wake Up	6758740138	Impression	No page	No page	App Store search				iPhone	iOS 27.0	DE	5	5
DAILY	2026-09-23	2026-09-20	Sunrise Alarm Clock: Wake Up	6758740138	Impression	No page	No page	App Store search				iPhone	iOS 26.6	SE	9	9
DAILY	2026-09-23	2026-09-22	Sunrise Alarm Clock: Wake Up	6758740138	Impression	No page	No page	App Store search				iPhone	iOS 26.6	BR	19	16
DAILY	2026-09-23	2026-09-20	Sunrise Alarm Clock: Wake Up	6758740138	Impression	No page	No page	App Store search				iPhone	iOS 26.6	FR	11	6
DAILY	2026-09-23	2026-09-20	Sunrise Alarm Clock: Wake Up	6758740138	Impression	No page	No page	App Store search				iPhone	iOS 18.6	AU	5	5
DAILY	2026-09-23	2026-09-22	Sunrise Alarm Clock: Wake Up	6758740138	Impression	No page	No page	App Store search				iPhone	iOS 27.0	CN	9	5
DAILY	2026-09-23	2026-09-20	Sunrise Alarm Clock: Wake Up	6758740138	Impression	No page	No page	App Store search				iPhone	iOS 26.6	BR	12	7
DAILY	2026-09-23	2026-09-22	Sunrise Alarm Clock: Wake Up	6758740138	Impression	No page	No page	App Store search				iPhone	iOS 26.6	DE	14	10
DAILY	2026-09-23	2026-09-22	Sunrise Alarm Clock: Wake Up	6758740138	Impression	No page	No page	App Store search				iPhone	iOS 26.6	JP	12	9
DAILY	2026-09-23	2026-09-21	Sunrise Alarm Clock: Wake Up	6758740138	Impression	No page	No page	App Store search				iPhone	iOS 27.0	CA	7	6
DAILY	2026-09-23	2026-09-20	Sunrise Alarm Clock: Wake Up	6758740138	Impression	No page	No page	App Store search				iPhone	iOS 26.6	JP	13	13
DAILY	2026-09-23	2026-09-21	Sunrise Alarm Clock: Wake Up	6758740138	Impression	No page	No page	App Store search				iPhone	iOS 26.6	US	6	6
DAILY	2026-09-23	2026-09-22	Sunrise Alarm Clock: Wake Up	6758740138	Page view	Product page	Default product page	App referrer	com.openai.chat			iPhone	iOS 26.6	DE	6	6
DAILY	2026-09-23	2026-09-22	Sunrise Alarm Clock: Wake Up	6758740138	Impression	No page	No page	App Store search				iPad	iOS 26.6	DE	7	6
DAILY	2026-09-24	2026-09-22	Sunrise Alarm Clock: Wake Up	6758740138	Impression	No page	No page	App Store search				iPhone	iOS 27.0	CN	9	5
DAILY	2026-09-24	2026-09-22	Sunrise Alarm Clock: Wake Up	6758740138	Impression	No page	No page	App Store search				iPhone	iOS 26.6	US	10	10
DAILY	2026-09-24	2026-09-21	Sunrise Alarm Clock: Wake Up	6758740138	Impression	No page	No page	App Store search				iPhone	iOS 26.5	US	5	5
DAILY	2026-09-24	2026-09-23	Sunrise Alarm Clock: Wake Up	6758740138	Impression	No page	No page	App Store search				iPad	iOS 26.6	JP	6	6
DAILY	2026-09-24	2026-09-23	Sunrise Alarm Clock: Wake Up	6758740138	Impression	No page	No page	App Store search				iPhone	iOS 27.0	RU	7	5
DAILY	2026-09-24	2026-09-21	Sunrise Alarm Clock: Wake Up	6758740138	Impression	No page	No page	App Store search				iPhone	iOS 26.6	FR	5	5
DAILY	2026-09-24	2026-09-23	Sunrise Alarm Clock: Wake Up	6758740138	Impression	No page	No page	App Store search				iPhone	iOS 26.6	BR	15	15
DAILY	2026-09-24	2026-09-23	Sunrise Alarm Clock: Wake Up	6758740138	Impression	No page	No page	App Store search				iPhone	iOS 26.5	US	5	5
DAILY	2026-09-24	2026-09-22	Sunrise Alarm Clock: Wake Up	6758740138	Impression	No page	No page	App Store search				iPhone	iOS 18.7	BR	8	5
DAILY	2026-09-24	2026-09-23	Sunrise Alarm Clock: Wake Up	6758740138	Tap	Product page	Default product page	App Store browse			Get	iPhone	iOS 26.6	US	5	5
DAILY	2026-09-24	2026-09-23	Sunrise Alarm Clock: Wake Up	6758740138	Impression	No page	No page	App Store search				iPhone	iOS 26.7	IN	5	5
DAILY	2026-09-24	2026-09-22	Sunrise Alarm Clock: Wake Up	6758740138	Impression	No page	No page	App Store search				iPhone	iOS 26.6	DE	14	10
DAILY	2026-09-24	2026-09-22	Sunrise Alarm Clock: Wake Up	6758740138	Impression	No page	No page	App Store search				iPhone	iOS 27.0	DE	5	5
DAILY	2026-09-24	2026-09-22	Sunrise Alarm Clock: Wake Up	6758740138	Impression	No page	No page	App Store search				iPhone	iOS 26.6	JP	12	9
DAILY	2026-09-24	2026-09-21	Sunrise Alarm Clock: Wake Up	6758740138	Impression	No page	No page	App Store search				iPhone	iOS 26.6	BR	39	25
DAILY	2026-09-24	2026-09-22	Sunrise Alarm Clock: Wake Up	6758740138	Impression	No page	No page	App Store search				iPhone	iOS 27.0	US	7	7
DAILY	2026-09-24	2026-09-22	Sunrise Alarm Clock: Wake Up	6758740138	Impression	No page	No page	App Store search				iPhone	iOS 26.6	BR	19	16
DAILY	2026-09-24	2026-09-22	Sunrise Alarm Clock: Wake Up	6758740138	Impression	No page	No page	App Store search				iPhone	iOS 26.6	ES	5	5
DAILY	2026-09-24	2026-09-21	Sunrise Alarm Clock: Wake Up	6758740138	Impression	No page	No page	App Store search				iPhone	iOS 26.6	US	6	6
DAILY	2026-09-24	2026-09-21	Sunrise Alarm Clock: Wake Up	6758740138	Impression	No page	No page	App Store search				iPhone	iOS 27.0	CA	7	6
DAILY	2026-09-24	2026-09-23	Sunrise Alarm Clock: Wake Up	6758740138	Impression	No page	No page	App Store search				iPhone	iOS 26.5	BR	8	8
DAILY	2026-09-24	2026-09-22	Sunrise Alarm Clock: Wake Up	6758740138	Impression	No page	No page	App Store search				iPad	iOS 26.6	DE	7	6
DAILY	2026-09-24	2026-09-21	Sunrise Alarm Clock: Wake Up	6758740138	Impression	No page	No page	App Store search				iPhone	iOS 26.6	DE	6	5
DAILY	2026-09-24	2026-09-23	Sunrise Alarm Clock: Wake Up	6758740138	Impression	No page	No page	App Store search				iPhone	iOS 18.7	PT	7	5
DAILY	2026-09-24	2026-09-22	Sunrise Alarm Clock: Wake Up	6758740138	Page view	Product page	Default product page	App referrer	com.openai.chat			iPhone	iOS 26.6	DE	6	6
DAILY	2026-09-25	2026-09-22	Sunrise Alarm Clock: Wake Up	6758740138	Impression	No page	No page	App Store search				iPhone	iOS 26.6	ES	5	5
DAILY	2026-09-25	2026-09-23	Sunrise Alarm Clock: Wake Up	6758740138	Impression	No page	No page	App Store search				iPhone	iOS 26.5	US	5	5
DAILY	2026-09-25	2026-09-22	Sunrise Alarm Clock: Wake Up	6758740138	Impression	No page	No page	App Store search				iPhone	iOS 27.0	CN	9	5
DAILY	2026-09-25	2026-09-23	Sunrise Alarm Clock: Wake Up	6758740138	Impression	No page	No page	App Store search				iPhone	iOS 18.7	PT	7	5
DAILY	2026-09-25	2026-09-22	Sunrise Alarm Clock: Wake Up	6758740138	Impression	No page	No page	App Store search				iPad	iOS 26.6	DE	7	6
DAILY	2026-09-25	2026-09-22	Sunrise Alarm Clock: Wake Up	6758740138	Impression	No page	No page	App Store search				iPhone	iOS 26.6	DE	14	10
DAILY	2026-09-25	2026-09-22	Sunrise Alarm Clock: Wake Up	6758740138	Impression	No page	No page	App Store search				iPhone	iOS 26.6	JP	12	9
DAILY	2026-09-25	2026-09-23	Sunrise Alarm Clock: Wake Up	6758740138	Impression	No page	No page	App Store search				iPhone	iOS 26.5	BR	8	8
DAILY	2026-09-25	2026-09-24	Sunrise Alarm Clock: Wake Up	6758740138	Impression	No page	No page	App Store search				iPhone	iOS 26.6	BR	10	9
DAILY	2026-09-25	2026-09-22	Sunrise Alarm Clock: Wake Up	6758740138	Impression	No page	No page	App Store search				iPhone	iOS 18.7	BR	8	5
DAILY	2026-09-25	2026-09-22	Sunrise Alarm Clock: Wake Up	6758740138	Impression	No page	No page	App Store search				iPhone	iOS 26.6	BR	19	16
DAILY	2026-09-25	2026-09-22	Sunrise Alarm Clock: Wake Up	6758740138	Impression	No page	No page	App Store search				iPhone	iOS 26.6	US	10	10
DAILY	2026-09-25	2026-09-24	Sunrise Alarm Clock: Wake Up	6758740138	Impression	No page	No page	App Store search				iPhone	iOS 27.0	DE	6	6
DAILY	2026-09-25	2026-09-22	Sunrise Alarm Clock: Wake Up	6758740138	Impression	No page	No page	App Store search				iPhone	iOS 27.0	US	7	7
DAILY	2026-09-25	2026-09-24	Sunrise Alarm Clock: Wake Up	6758740138	Impression	No page	No page	App Store search				iPhone	iOS 26.6	IT	8	8
DAILY	2026-09-25	2026-09-23	Sunrise Alarm Clock: Wake Up	6758740138	Impression	No page	No page	App Store search				iPhone	iOS 27.0	RU	7	5
DAILY	2026-09-25	2026-09-23	Sunrise Alarm Clock: Wake Up	6758740138	Impression	No page	No page	App Store search				iPad	iOS 26.6	JP	6	6
DAILY	2026-09-25	2026-09-23	Sunrise Alarm Clock: Wake Up	6758740138	Tap	Product page	Default product page	App Store browse			Get	iPhone	iOS 26.6	US	5	5
DAILY	2026-09-25	2026-09-24	Sunrise Alarm Clock: Wake Up	6758740138	Tap	Product page	Default product page	App Store browse			Get	iPhone	iOS 26.6	FR	5	5
DAILY	2026-09-25	2026-09-22	Sunrise Alarm Clock: Wake Up	6758740138	Page view	Product page	Default product page	App referrer	com.openai.chat			iPhone	iOS 26.6	DE	6	6
DAILY	2026-09-25	2026-09-23	Sunrise Alarm Clock: Wake Up	6758740138	Impression	No page	No page	App Store search				iPhone	iOS 26.7	IN	5	5
DAILY	2026-09-25	2026-09-23	Sunrise Alarm Clock: Wake Up	6758740138	Impression	No page	No page	App Store search				iPhone	iOS 26.6	BR	15	15
DAILY	2026-09-25	2026-09-22	Sunrise Alarm Clock: Wake Up	6758740138	Impression	No page	No page	App Store search				iPhone	iOS 27.0	DE	5	5
DAILY	2026-09-25	2026-09-24	Sunrise Alarm Clock: Wake Up	6758740138	Impression	No page	No page	App Store search				iPhone	iOS 26.6	US	23	11
DAILY	2026-09-26	2026-09-23	Sunrise Alarm Clock: Wake Up	6758740138	Impression	No page	No page	App Store search				iPhone	iOS 26.5	BR	8	8
DAILY	2026-09-26	2026-09-24	Sunrise Alarm Clock: Wake Up	6758740138	Impression	No page	No page	App Store search				iPhone	iOS 27.0	DE	6	6
DAILY	2026-09-26	2026-09-25	Sunrise Alarm Clock: Wake Up	6758740138	Impression	No page	No page	App Store search				iPhone	iOS 26.6	BR	18	18
DAILY	2026-09-26	2026-09-23	Sunrise Alarm Clock: Wake Up	6758740138	Impression	No page	No page	App Store search				iPad	iOS 26.6	JP	6	6
DAILY	2026-09-26	2026-09-23	Sunrise Alarm Clock: Wake Up	6758740138	Tap	Product page	Default product page	App Store browse			Get	iPhone	iOS 26.6	US	5	5
DAILY	2026-09-26	2026-09-23	Sunrise Alarm Clock: Wake Up	6758740138	Impression	No page	No page	App Store search				iPhone	iOS 18.7	PT	7	5
DAILY	2026-09-26	2026-09-24	Sunrise Alarm Clock: Wake Up	6758740138	Tap	Product page	Default product page	App Store browse			Get	iPhone	iOS 26.6	FR	5	5
DAILY	2026-09-26	2026-09-25	Sunrise Alarm Clock: Wake Up	6758740138	Impression	No page	No page	App Store search				iPhone	iOS 26.6	US	11	8
DAILY	2026-09-26	2026-09-25	Sunrise Alarm Clock: Wake Up	6758740138	Impression	No page	No page	App Store search				iPhone	iOS 27.0	BR	6	5
DAILY	2026-09-26	2026-09-23	Sunrise Alarm Clock: Wake Up	6758740138	Impression	No page	No page	App Store search				iPhone	iOS 26.5	US	5	5
DAILY	2026-09-26	2026-09-23	Sunrise Alarm Clock: Wake Up	6758740138	Impression	No page	No page	App Store search				iPhone	iOS 26.6	BR	15	15
DAILY	2026-09-26	2026-09-24	Sunrise Alarm Clock: Wake Up	6758740138	Impression	No page	No page	App Store search				iPhone	iOS 26.6	US	23	11
DAILY	2026-09-26	2026-09-24	Sunrise Alarm Clock: Wake Up	6758740138	Impression	No page	No page	App Store search				iPhone	iOS 26.6	IT	8	8
DAILY	2026-09-26	2026-09-25	Sunrise Alarm Clock: Wake Up	6758740138	Impression	No page	No page	App Store search				iPhone	iOS 26.7	CH	5	5
DAILY	2026-09-26	2026-09-23	Sunrise Alarm Clock: Wake Up	6758740138	Impression	No page	No page	App Store search				iPhone	iOS 26.7	IN	5	5
DAILY	2026-09-26	2026-09-25	Sunrise Alarm Clock: Wake Up	6758740138	Impression	No page	No page	App Store search				iPhone	iOS 26.6	CH	11	8
DAILY	2026-09-26	2026-09-24	Sunrise Alarm Clock: Wake Up	6758740138	Impression	No page	No page	App Store search				iPhone	iOS 26.6	BR	10	9
DAILY	2026-09-26	2026-09-23	Sunrise Alarm Clock: Wake Up	6758740138	Impression	No page	No page	App Store search				iPhone	iOS 27.0	RU	7	5
DAILY	2026-09-27	2026-09-24	Sunrise Alarm Clock: Wake Up	6758740138	Impression	No page	No page	App Store search				iPhone	iOS 26.6	IT	8	8
DAILY	2026-09-27	2026-09-25	Sunrise Alarm Clock: Wake Up	6758740138	Impression	No page	No page	App Store search				iPhone	iOS 26.6	BR	18	18
DAILY	2026-09-27	2026-09-24	Sunrise Alarm Clock: Wake Up	6758740138	Impression	No page	No page	App Store search				iPhone	iOS 27.0	DE	6	6
DAILY	2026-09-27	2026-09-24	Sunrise Alarm Clock: Wake Up	6758740138	Impression	No page	No page	App Store search				iPhone	iOS 26.6	US	23	11
DAILY	2026-09-27	2026-09-25	Sunrise Alarm Clock: Wake Up	6758740138	Impression	No page	No page	App Store search				iPhone	iOS 26.6	US	11	8
DAILY	2026-09-27	2026-09-24	Sunrise Alarm Clock: Wake Up	6758740138	Impression	No page	No page	App Store search				iPhone	iOS 26.6	BR	11	10
DAILY	2026-09-27	2026-09-26	Sunrise Alarm Clock: Wake Up	6758740138	Impression	No page	No page	App Store search				iPhone	iOS 26.6	BR	13	9
DAILY	2026-09-27	2026-09-26	Sunrise Alarm Clock: Wake Up	6758740138	Impression	No page	No page	App Store search				iPhone	iOS 18.6	BR	6	6
DAILY	2026-09-27	2026-09-25	Sunrise Alarm Clock: Wake Up	6758740138	Impression	No page	No page	App Store search				iPhone	iOS 27.0	BR	6	5
DAILY	2026-09-27	2026-09-24	Sunrise Alarm Clock: Wake Up	6758740138	Tap	Product page	Default product page	App Store browse			Get	iPhone	iOS 26.6	FR	5	5
DAILY	2026-09-27	2026-09-26	Sunrise Alarm Clock: Wake Up	6758740138	Impression	No page	No page	App Store search				iPhone	iOS 27.0	SA	5	5
DAILY	2026-09-27	2026-09-25	Sunrise Alarm Clock: Wake Up	6758740138	Impression	No page	No page	App Store search				iPhone	iOS 26.7	CH	5	5
DAILY	2026-09-27	2026-09-26	Sunrise Alarm Clock: Wake Up	6758740138	Impression	No page	No page	App Store search				iPhone	iOS 26.6	US	17	17
DAILY	2026-09-27	2026-09-26	Sunrise Alarm Clock: Wake Up	6758740138	Impression	No page	No page	App Store search				iPhone	iOS 26.6	JP	8	6
DAILY	2026-09-27	2026-09-26	Sunrise Alarm Clock: Wake Up	6758740138	Impression	No page	No page	App Store search				iPhone	iOS 26.6	DE	7	7
DAILY	2026-09-27	2026-09-25	Sunrise Alarm Clock: Wake Up	6758740138	Impression	No page	No page	App Store search				iPhone	iOS 26.6	CH	11	8
DAILY	2026-09-28	2026-09-26	Sunrise Alarm Clock: Wake Up	6758740138	Impression	No page	No page	App Store search				iPhone	iOS 26.6	BR	13	9
DAILY	2026-09-28	2026-09-26	Sunrise Alarm Clock: Wake Up	6758740138	Impression	No page	No page	App Store search				iPhone	iOS 26.6	US	17	17
DAILY	2026-09-28	2026-09-26	Sunrise Alarm Clock: Wake Up	6758740138	Impression	No page	No page	App Store search				iPhone	iOS 26.6	DE	7	7
DAILY	2026-09-28	2026-09-27	Sunrise Alarm Clock: Wake Up	6758740138	Impression	No page	No page	App Store search				iPhone	iOS 26.6	BR	19	13
DAILY	2026-09-28	2026-09-25	Sunrise Alarm Clock: Wake Up	6758740138	Impression	No page	No page	App Store search				iPhone	iOS 26.6	CH	11	8
DAILY	2026-09-28	2026-09-27	Sunrise Alarm Clock: Wake Up	6758740138	Impression	No page	No page	App Store search				iPhone	iOS 18.7	BR	9	9
DAILY	2026-09-28	2026-09-26	Sunrise Alarm Clock: Wake Up	6758740138	Impression	No page	No page	App Store search				iPhone	iOS 26.6	JP	8	6
DAILY	2026-09-28	2026-09-25	Sunrise Alarm Clock: Wake Up	6758740138	Impression	No page	No page	App Store search				iPhone	iOS 26.6	BR	18	18
DAILY	2026-09-28	2026-09-26	Sunrise Alarm Clock: Wake Up	6758740138	Impression	No page	No page	App Store search				iPhone	iOS 27.0	SA	5	5
DAILY	2026-09-28	2026-09-27	Sunrise Alarm Clock: Wake Up	6758740138	Impression	No page	No page	App Store search				iPhone	iOS 26.6	JP	16	11
DAILY	2026-09-28	2026-09-27	Sunrise Alarm Clock: Wake Up	6758740138	Impression	No page	No page	App Store search				iPhone	iOS 26.7	BR	6	6
DAILY	2026-09-28	2026-09-25	Sunrise Alarm Clock: Wake Up	6758740138	Impression	No page	No page	App Store search				iPhone	iOS 27.0	BR	6	5
DAILY	2026-09-28	2026-09-26	Sunrise Alarm Clock: Wake Up	6758740138	Impression	No page	No page	App Store search				iPhone	iOS 18.6	BR	6	6
DAILY	2026-09-28	2026-09-27	Sunrise Alarm Clock: Wake Up	6758740138	Impression	No page	No page	App Store search				iPhone	iOS 26.6	US	15	11
DAILY	2026-09-28	2026-09-25	Sunrise Alarm Clock: Wake Up	6758740138	Impression	No page	No page	App Store search				iPhone	iOS 26.6	US	11	8
DAILY	2026-09-28	2026-09-27	Sunrise Alarm Clock: Wake Up	6758740138	Impression	No page	No page	App Store search				iPhone	iOS 26.6	NL	5	5
DAILY	2026-09-28	2026-09-25	Sunrise Alarm Clock: Wake Up	6758740138	Impression	No page	No page	App Store search				iPhone	iOS 26.7	CH	5	5
DAILY	2026-09-28	2026-09-27	Sunrise Alarm Clock: Wake Up	6758740138	Impression	No page	No page	App Store search				iPad	iOS 26.6	US	5	5
DAILY	2026-09-20	2026-09-18	Sunrise Alarm Clock: Wake Up	6758740138	Impression	No page	No page	App Store search				iPhone	iOS 26.6	IL	5	5
DAILY	2026-09-20	2026-09-19	Sunrise Alarm Clock: Wake Up	6758740138	Impression	No page	No page	App Store search				iPhone	iOS 26.6	US	6	6
DAILY	2026-09-20	2026-09-18	Sunrise Alarm Clock: Wake Up	6758740138	Impression	No page	No page	App Store search				iPhone	iOS 26.6	BR	20	10
DAILY	2026-09-20	2026-09-18	Sunrise Alarm Clock: Wake Up	6758740138	Impression	No page	No page	App Store search				iPhone	iOS 26.6	RU	5	5
DAILY	2026-09-20	2026-09-19	Sunrise Alarm Clock: Wake Up	6758740138	Impression	No page	No page	App Store search				iPhone	iOS 26.6	BR	10	8
DAILY	2026-09-20	2026-09-19	Sunrise Alarm Clock: Wake Up	6758740138	Impression	No page	No page	App Store search				iPhone	iOS 26.6	JP	7	5
DAILY	2026-09-20	2026-09-17	Sunrise Alarm Clock: Wake Up	6758740138	Impression	No page	No page	App Store search				iPhone	iOS 26.6	US	9	9
DAILY	2026-09-20	2026-09-18	Sunrise Alarm Clock: Wake Up	6758740138	Impression	No page	No page	App Store search				iPhone	iOS 26.5	BR	9	5
DAILY	2026-09-20	2026-09-17	Sunrise Alarm Clock: Wake Up	6758740138	Impression	No page	No page	App Store search				iPhone	iOS 26.6	BR	22	18
DAILY	2026-09-20	2026-09-19	Sunrise Alarm Clock: Wake Up	6758740138	Impression	No page	No page	App Store search				iPhone	iOS 18.7	BR	11	5
DAILY	2026-09-20	2026-09-17	Sunrise Alarm Clock: Wake Up	6758740138	Impression	No page	No page	App Store search				iPhone	iOS 27.0	US	6	6
DAILY	2026-09-20	2026-09-18	Sunrise Alarm Clock: Wake Up	6758740138	Impression	No page	No page	App Store search				iPhone	iOS 18.7	BR	12	12
DAILY	2026-09-20	2026-09-17	Sunrise Alarm Clock: Wake Up	6758740138	Impression	No page	No page	App Store search				iPhone	iOS 18.7	BR	9	9
DAILY	2026-09-04	2026-09-02	Sunrise Alarm Clock: Wake Up	6758740138	Impression	No page	No page	App Store search				iPhone	iOS 26.6	US	6	6
DAILY	2026-09-04	2026-09-03	Sunrise Alarm Clock: Wake Up	6758740138	Impression	No page	No page	App Store search				iPhone	iOS 18.7	BR	8	8
DAILY	2026-09-04	2026-09-02	Sunrise Alarm Clock: Wake Up	6758740138	Impression	No page	No page	App Store search				iPhone	iOS 26.6	BR	39	36
DAILY	2026-09-04	2026-09-01	Sunrise Alarm Clock: Wake Up	6758740138	Impression	No page	No page	App Store search				iPhone	iOS 26.6	BR	39	35
DAILY	2026-09-04	2026-09-02	Sunrise Alarm Clock: Wake Up	6758740138	Impression	No page	No page	App Store search				iPhone	iOS 18.7	BR	13	10
DAILY	2026-09-04	2026-09-01	Sunrise Alarm Clock: Wake Up	6758740138	Impression	No page	No page	App Store search				iPhone	iOS 26.5	BR	8	5
DAILY	2026-09-04	2026-09-02	Sunrise Alarm Clock: Wake Up	6758740138	Impression	No page	No page	App Store search				iPhone	iOS 26.5	BR	10	8
DAILY	2026-09-04	2026-09-03	Sunrise Alarm Clock: Wake Up	6758740138	Impression	No page	No page	App Store search				iPhone	iOS 26.6	BR	32	26
DAILY	2026-09-04	2026-09-02	Sunrise Alarm Clock: Wake Up	6758740138	Impression	No page	No page	App Store search				iPhone	iOS 18.6	BR	8	7
DAILY	2026-09-04	2026-09-02	Sunrise Alarm Clock: Wake Up	6758740138	Impression	No page	No page	App Store search				iPhone	iOS 26.6	PL	10	5
DAILY	2026-09-04	2026-09-01	Sunrise Alarm Clock: Wake Up	6758740138	Impression	No page	No page	App Store search				iPhone	iOS 18.7	BR	15	15
DAILY	2026-09-06	2026-09-05	Sunrise Alarm Clock: Wake Up	6758740138	Impression	No page	No page	App Store search				iPhone	iOS 17.0	BR	18	18
DAILY	2026-09-06	2026-09-04	Sunrise Alarm Clock: Wake Up	6758740138	Impression	No page	No page	App Store search				iPhone	iOS 16.7	BR	7	7
DAILY	2026-09-06	2026-09-03	Sunrise Alarm Clock: Wake Up	6758740138	Impression	No page	No page	App Store search				iPhone	iOS 26.6	BR	32	26
DAILY	2026-09-06	2026-09-05	Sunrise Alarm Clock: Wake Up	6758740138	Impression	No page	No page	App Store search				iPhone	iOS 26.6	US	9	5
DAILY	2026-09-06	2026-09-04	Sunrise Alarm Clock: Wake Up	6758740138	Impression	No page	No page	App Store search				iPhone	iOS 26.6	MX	6	6
DAILY	2026-09-06	2026-09-05	Sunrise Alarm Clock: Wake Up	6758740138	Impression	No page	No page	App Store search				iPhone	iOS 26.6	BR	29	23
DAILY	2026-09-06	2026-09-04	Sunrise Alarm Clock: Wake Up	6758740138	Impression	No page	No page	App Store search				iPad	iOS 17.7	CA	5	5
DAILY	2026-09-06	2026-09-04	Sunrise Alarm Clock: Wake Up	6758740138	Impression	No page	No page	App Store search				iPhone	iOS 26.6	BR	14	14
DAILY	2026-09-06	2026-09-03	Sunrise Alarm Clock: Wake Up	6758740138	Impression	No page	No page	App Store search				iPhone	iOS 18.7	BR	8	8
DAILY	2026-09-06	2026-09-04	Sunrise Alarm Clock: Wake Up	6758740138	Impression	No page	No page	App Store search				iPhone	iOS 26.5	BR	7	5
DAILY	2026-09-06	2026-09-05	Sunrise Alarm Clock: Wake Up	6758740138	Impression	No page	No page	App Store search				iPhone	iOS 26.5	US	6	6
DAILY	2026-09-06	2026-09-04	Sunrise Alarm Clock: Wake Up	6758740138	Impression	No page	No page	App Store search				iPhone	iOS 18.7	BR	9	8
DAILY	2026-09-06	2026-09-05	Sunrise Alarm Clock: Wake Up	6758740138	Impression	No page	No page	App Store search				iPhone	iOS 18.7	BR	6	6
DAILY	2026-09-06	2026-09-04	Sunrise Alarm Clock: Wake Up	6758740138	Impression	No page	No page	App Store search				iPhone	iOS 17.6	BR	5	5
DAILY	2026-09-09	2026-09-07	Sunrise Alarm Clock: Wake Up	6758740138	Impression	No page	No page	App Store search				iPhone	iOS 26.6	BR	16	14
DAILY	2026-09-09	2026-09-08	Sunrise Alarm Clock: Wake Up	6758740138	Impression	No page	No page	App Store search				iPhone	iOS 26.6	BR	28	23
DAILY	2026-09-09	2026-09-08	Sunrise Alarm Clock: Wake Up	6758740138	Impression	No page	No page	App Store search				iPad	iOS 26.6	US	6	6
DAILY	2026-09-09	2026-09-06	Sunrise Alarm Clock: Wake Up	6758740138	Impression	No page	No page	App Store search				iPhone	iOS 26.6	BR	22	18
DAILY	2026-09-09	2026-09-07	Sunrise Alarm Clock: Wake Up	6758740138	Impression	No page	No page	App Store search				iPhone	iOS 18.7	MA	5	5
DAILY	2026-09-09	2026-09-08	Sunrise Alarm Clock: Wake Up	6758740138	Impression	No page	No page	App Store search				iPhone	iOS 26.5	US	5	5
DAILY	2026-09-09	2026-09-06	Sunrise Alarm Clock: Wake Up	6758740138	Impression	No page	No page	App Store search				iPhone	iOS 26.6	PL	5	5
DAILY	2026-09-09	2026-09-06	Sunrise Alarm Clock: Wake Up	6758740138	Impression	No page	No page	App Store search				iPhone	iOS 26.6	US	8	7
DAILY	2026-09-09	2026-09-07	Sunrise Alarm Clock: Wake Up	6758740138	Impression	No page	No page	App Store search				iPhone	iOS 18.7	CN	5	5
DAILY	2026-09-09	2026-09-07	Sunrise Alarm Clock: Wake Up	6758740138	Impression	No page	No page	App Store search				iPhone	iOS 26.6	TR	5	5
DAILY	2026-09-09	2026-09-06	Sunrise Alarm Clock: Wake Up	6758740138	Impression	No page	No page	App Store search				iPhone	iOS 17.0	BR	11	6
DAILY	2026-09-09	2026-09-07	Sunrise Alarm Clock: Wake Up	6758740138	Impression	No page	No page	App Store search				iPhone	iOS 26.6	JP	10	7
DAILY	2026-09-09	2026-09-06	Sunrise Alarm Clock: Wake Up	6758740138	Impression	No page	No page	App Store search				iPhone	iOS 26.6	ES	6	6
DAILY	2026-09-09	2026-09-07	Sunrise Alarm Clock: Wake Up	6758740138	Tap	Product page	Default product page	App Store browse			Get	iPhone	iOS 26.6	FR	5	5
DAILY	2026-09-09	2026-09-08	Sunrise Alarm Clock: Wake Up	6758740138	Impression	No page	No page	App Store search				iPhone	iOS 26.6	CA	7	7
DAILY	2026-09-09	2026-09-08	Sunrise Alarm Clock: Wake Up	6758740138	Impression	No page	No page	App Store search				iPhone	iOS 26.6	US	8	8
DAILY	2026-09-09	2026-09-08	Sunrise Alarm Clock: Wake Up	6758740138	Impression	No page	No page	App Store search				iPhone	iOS 18.7	BR	19	8
DAILY	2026-09-09	2026-09-07	Sunrise Alarm Clock: Wake Up	6758740138	Page view	Product page	Default product page	App Store search				iPhone	iOS 26.6	JP	5	5
DAILY	2026-09-09	2026-09-07	Sunrise Alarm Clock: Wake Up	6758740138	Impression	No page	No page	App Store search				iPhone	iOS 26.6	SA	5	5
DAILY	2026-09-09	2026-09-08	Sunrise Alarm Clock: Wake Up	6758740138	Impression	No page	No page	App Store search				iPhone	iOS 18.7	SA	6	6
DAILY	2026-09-11	2026-09-08	Sunrise Alarm Clock: Wake Up	6758740138	Impression	No page	No page	App Store search				iPhone	iOS 26.5	US	5	5
DAILY	2026-09-11	2026-09-09	Sunrise Alarm Clock: Wake Up	6758740138	Impression	No page	No page	App Store search				iPhone	iOS 26.6	BR	20	16
DAILY	2026-09-11	2026-09-09	Sunrise Alarm Clock: Wake Up	6758740138	Impression	No page	No page	App Store search				iPhone	iOS 26.6	DE	5	5
DAILY	2026-09-11	2026-09-10	Sunrise Alarm Clock: Wake Up	6758740138	Impression	No page	No page	App Store search				iPhone	iOS 26.5	BR	5	5
DAILY	2026-09-11	2026-09-08	Sunrise Alarm Clock: Wake Up	6758740138	Impression	No page	No page	App Store search				iPhone	iOS 26.6	US	8	8
DAILY	2026-09-11	2026-09-09	Sunrise Alarm Clock: Wake Up	6758740138	Impression	No page	No page	App Store search				iPhone	iOS 26.5	BR	11	7
DAILY	2026-09-11	2026-09-10	Sunrise Alarm Clock: Wake Up	6758740138	Impression	No page	No page	App Store search				iPhone	iOS 26.6	RU	8	6
DAILY	2026-09-11	2026-09-08	Sunrise Alarm Clock: Wake Up	6758740138	Impression	No page	No page	App Store search				iPhone	iOS 26.6	BR	28	23
DAILY	2026-09-11	2026-09-10	Sunrise Alarm Clock: Wake Up	6758740138	Impression	No page	No page	App Store search				iPhone	iOS 18.7	BR	6	6
DAILY	2026-09-11	2026-09-08	Sunrise Alarm Clock: Wake Up	6758740138	Impression	No page	No page	App Store search				iPhone	iOS 18.7	SA	6	6
DAILY	2026-09-11	2026-09-10	Sunrise Alarm Clock: Wake Up	6758740138	Impression	No page	No page	App Store search				iPhone	iOS 26.6	MX	5	5
DAILY	2026-09-11	2026-09-08	Sunrise Alarm Clock: Wake Up	6758740138	Impression	No page	No page	App Store search				iPhone	iOS 26.6	CA	7	7
DAILY	2026-09-11	2026-09-08	Sunrise Alarm Clock: Wake Up	6758740138	Impression	No page	No page	App Store search				iPad	iOS 26.6	US	6	6
DAILY	2026-09-11	2026-09-10	Sunrise Alarm Clock: Wake Up	6758740138	Impression	No page	No page	App Store search				iPhone	iOS 26.6	FR	8	8
DAILY	2026-09-11	2026-09-10	Sunrise Alarm Clock: Wake Up	6758740138	Impression	No page	No page	App Store search				iPhone	iOS 26.6	US	8	6
DAILY	2026-09-11	2026-09-08	Sunrise Alarm Clock: Wake Up	6758740138	Impression	No page	No page	App Store search				iPhone	iOS 18.7	BR	19	8
DAILY	2026-09-11	2026-09-09	Sunrise Alarm Clock: Wake Up	6758740138	Impression	No page	No page	App Store search				iPhone	iOS 26.6	JP	9	9
DAILY	2026-09-11	2026-09-10	Sunrise Alarm Clock: Wake Up	6758740138	Impression	No page	No page	App Store search				iPhone	iOS 26.6	BR	28	24
DAILY	2026-09-11	2026-09-09	Sunrise Alarm Clock: Wake Up	6758740138	Impression	No page	No page	App Store search				iPhone	iOS 26.6	US	9	7
DAILY	2026-09-18	2026-09-15	Sunrise Alarm Clock: Wake Up	6758740138	Impression	No page	No page	App Store search				iPhone	iOS 26.6	IT	8	8
DAILY	2026-09-18	2026-09-15	Sunrise Alarm Clock: Wake Up	6758740138	Impression	No page	No page	App Store search				iPhone	iOS 26.6	BR	17	13
DAILY	2026-09-18	2026-09-16	Sunrise Alarm Clock: Wake Up	6758740138	Impression	No page	No page	App Store search				iPhone	iOS 26.6	US	14	14
DAILY	2026-09-18	2026-09-15	Sunrise Alarm Clock: Wake Up	6758740138	Impression	No page	No page	App Store search				iPhone	iOS 26.5	FR	6	6
DAILY	2026-09-18	2026-09-15	Sunrise Alarm Clock: Wake Up	6758740138	Impression	No page	No page	App Store search				iPhone	iOS 26.6	SA	9	9
DAILY	2026-09-18	2026-09-15	Sunrise Alarm Clock: Wake Up	6758740138	Impression	No page	No page	App Store search				iPad	iOS 26.6	CN	5	5
DAILY	2026-09-18	2026-09-15	Sunrise Alarm Clock: Wake Up	6758740138	Impression	No page	No page	App Store search				iPhone	iOS 26.6	JP	9	9
DAILY	2026-09-18	2026-09-17	Sunrise Alarm Clock: Wake Up	6758740138	Impression	No page	No page	App Store search				iPhone	iOS 26.6	US	9	9
DAILY	2026-09-18	2026-09-16	Sunrise Alarm Clock: Wake Up	6758740138	Impression	No page	No page	App Store search				iPhone	iOS 26.6	BR	25	18
DAILY	2026-09-18	2026-09-17	Sunrise Alarm Clock: Wake Up	6758740138	Impression	No page	No page	App Store search				iPhone	iOS 18.7	BR	9	9
DAILY	2026-09-18	2026-09-15	Sunrise Alarm Clock: Wake Up	6758740138	Impression	No page	No page	App Store search				iPhone	iOS 26.6	GB	5	5
DAILY	2026-09-18	2026-09-16	Sunrise Alarm Clock: Wake Up	6758740138	Impression	No page	No page	App Store search				iPhone	iOS 26.6	IT	12	11
DAILY	2026-09-18	2026-09-15	Sunrise Alarm Clock: Wake Up	6758740138	Impression	No page	No page	App Store search				iPhone	iOS 26.6	FR	12	12
DAILY	2026-09-18	2026-09-16	Sunrise Alarm Clock: Wake Up	6758740138	Impression	No page	No page	App Store search				iPhone	iOS 26.6	CA	5	5
DAILY	2026-09-18	2026-09-16	Sunrise Alarm Clock: Wake Up	6758740138	Impression	No page	No page	App Store search				iPhone	iOS 26.5	BR	6	6
DAILY	2026-09-18	2026-09-17	Sunrise Alarm Clock: Wake Up	6758740138	Impression	No page	No page	App Store search				iPhone	iOS 27.0	US	6	6
DAILY	2026-09-18	2026-09-15	Sunrise Alarm Clock: Wake Up	6758740138	Impression	No page	No page	App Store search				iPhone	iOS 18.7	BR	7	7
DAILY	2026-09-18	2026-09-15	Sunrise Alarm Clock: Wake Up	6758740138	Impression	No page	No page	App Store search				iPhone	iOS 26.6	US	23	19
DAILY	2026-09-18	2026-09-16	Sunrise Alarm Clock: Wake Up	6758740138	Impression	No page	No page	App Store search				iPhone	iOS 26.6	RU	7	6
DAILY	2026-09-18	2026-09-15	Sunrise Alarm Clock: Wake Up	6758740138	Impression	No page	No page	App Store search				iPhone	iOS 26.6	CA	5	5
DAILY	2026-09-18	2026-09-17	Sunrise Alarm Clock: Wake Up	6758740138	Impression	No page	No page	App Store search				iPhone	iOS 26.6	BR	22	18
DAILY	2026-09-18	2026-09-16	Sunrise Alarm Clock: Wake Up	6758740138	Impression	No page	No page	App Store search				iPhone	iOS 18.7	BR	5	5
DAILY	2026-09-19	2026-09-16	Sunrise Alarm Clock: Wake Up	6758740138	Impression	No page	No page	App Store search				iPhone	iOS 26.6	BR	25	18
DAILY	2026-09-19	2026-09-18	Sunrise Alarm Clock: Wake Up	6758740138	Impression	No page	No page	App Store search				iPhone	iOS 26.6	IL	5	5
DAILY	2026-09-19	2026-09-16	Sunrise Alarm Clock: Wake Up	6758740138	Impression	No page	No page	App Store search				iPhone	iOS 26.6	RU	7	6
DAILY	2026-09-19	2026-09-16	Sunrise Alarm Clock: Wake Up	6758740138	Impression	No page	No page	App Store search				iPhone	iOS 26.6	IT	12	11
DAILY	2026-09-19	2026-09-17	Sunrise Alarm Clock: Wake Up	6758740138	Impression	No page	No page	App Store search				iPhone	iOS 26.6	US	9	9
DAILY	2026-09-19	2026-09-16	Sunrise Alarm Clock: Wake Up	6758740138	Impression	No page	No page	App Store search				iPhone	iOS 18.7	BR	5	5
DAILY	2026-09-19	2026-09-18	Sunrise Alarm Clock: Wake Up	6758740138	Impression	No page	No page	App Store search				iPhone	iOS 26.6	RU	5	5
DAILY	2026-09-19	2026-09-18	Sunrise Alarm Clock: Wake Up	6758740138	Impression	No page	No page	App Store search				iPhone	iOS 18.7	BR	12	12
DAILY	2026-09-19	2026-09-16	Sunrise Alarm Clock: Wake Up	6758740138	Impression	No page	No page	App Store search				iPhone	iOS 26.5	BR	6	6
DAILY	2026-09-19	2026-09-16	Sunrise Alarm Clock: Wake Up	6758740138	Impression	No page	No page	App Store search				iPhone	iOS 26.6	US	14	14
DAILY	2026-09-19	2026-09-16	Sunrise Alarm Clock: Wake Up	6758740138	Impression	No page	No page	App Store search				iPhone	iOS 26.6	CA	5	5
DAILY	2026-09-19	2026-09-17	Sunrise Alarm Clock: Wake Up	6758740138	Impression	No page	No page	App Store search				iPhone	iOS 26.6	BR	22	18
DAILY	2026-09-19	2026-09-18	Sunrise Alarm Clock: Wake Up	6758740138	Impression	No page	No page	App Store search				iPhone	iOS 26.5	BR	9	5
DAILY	2026-09-19	2026-09-18	Sunrise Alarm Clock: Wake Up	6758740138	Impression	No page	No page	App Store search				iPhone	iOS 26.6	BR	20	10
DAILY	2026-09-19	2026-09-17	Sunrise Alarm Clock: Wake Up	6758740138	Impression	No page	No page	App Store search				iPhone	iOS 18.7	BR	9	9
DAILY	2026-09-19	2026-09-17	Sunrise Alarm Clock: Wake Up	6758740138	Impression	No page	No page	App Store search				iPhone	iOS 27.0	US	6	6
WEEKLY	2026-08-28	2026-08-17	Sunrise Alarm Clock: Wake Up	6758740138	Impression	No page	No page	App Store search				iPhone	iOS 18.5	BR	15	15
WEEKLY	2026-08-28	2026-08-17	Sunrise Alarm Clock: Wake Up	6758740138	Impression	No page	No page	App Store search				iPhone	iOS 26.5	BR	55	32
WEEKLY	2026-08-28	2026-08-17	Sunrise Alarm Clock: Wake Up	6758740138	Impression	No page	No page	App Store search				iPhone	iOS 26.2	BR	8	8
WEEKLY	2026-08-28	2026-08-17	Sunrise Alarm Clock: Wake Up	6758740138	Impression	No page	No page	App Store search				iPhone	iOS 26.3	BR	12	12
WEEKLY	2026-08-28	2026-08-17	Sunrise Alarm Clock: Wake Up	6758740138	Impression	No page	No page	App Store search				iPad	iOS 26.6	MX	8	8
WEEKLY	2026-08-28	2026-08-17	Sunrise Alarm Clock: Wake Up	6758740138	Impression	No page	No page	App Store search				iPhone	iOS 17.5	BR	9	7
WEEKLY	2026-08-28	2026-08-17	Sunrise Alarm Clock: Wake Up	6758740138	Impression	No page	No page	App Store search				iPhone	iOS 27.0	BR	10	10
WEEKLY	2026-08-28	2026-08-17	Sunrise Alarm Clock: Wake Up	6758740138	Impression	No page	No page	App Store search				iPhone	iOS 26.6	AR	8	7
WEEKLY	2026-08-28	2026-08-17	Sunrise Alarm Clock: Wake Up	6758740138	Impression	No page	No page	App Store search				iPhone	iOS 26.6	BR	140	122
WEEKLY	2026-08-28	2026-08-17	Sunrise Alarm Clock: Wake Up	6758740138	Impression	No page	No page	App Store search				iPhone	iOS 16.7	BR	17	13
WEEKLY	2026-08-28	2026-08-17	Sunrise Alarm Clock: Wake Up	6758740138	Impression	No page	No page	App Store search				iPhone	iOS 18.6	BR	12	8
WEEKLY	2026-08-28	2026-08-17	Sunrise Alarm Clock: Wake Up	6758740138	Impression	No page	No page	App Store search				iPhone	iOS 26.6	RU	14	5
WEEKLY	2026-08-28	2026-08-17	Sunrise Alarm Clock: Wake Up	6758740138	Impression	No page	No page	App Store search				iPhone	iOS 26.6	US	31	20
WEEKLY	2026-08-28	2026-08-17	Sunrise Alarm Clock: Wake Up	6758740138	Impression	No page	No page	App Store search				iPhone	iOS 18.7	BR	50	33
WEEKLY	2026-08-28	2026-08-17	Sunrise Alarm Clock: Wake Up	6758740138	Impression	No page	No page	App Store search				iPhone	iOS 26.6	MX	10	9
WEEKLY	2026-08-28	2026-08-17	Sunrise Alarm Clock: Wake Up	6758740138	Impression	No page	No page	App Store search				iPhone	iOS 26.6	CO	7	7
WEEKLY	2026-08-28	2026-08-17	Sunrise Alarm Clock: Wake Up	6758740138	Impression	No page	No page	App Store search				iPhone	iOS 15.8	BR	6	6
WEEKLY	2026-08-28	2026-08-17	Sunrise Alarm Clock: Wake Up	6758740138	Impression	No page	No page	App Store search				iPad	iOS 18.7	US	7	7
WEEKLY	2026-08-28	2026-08-17	Sunrise Alarm Clock: Wake Up	6758740138	Impression	No page	No page	App Store search				iPhone	iOS 26.5	FR	5	5
WEEKLY	2026-08-28	2026-08-17	Sunrise Alarm Clock: Wake Up	6758740138	Impression	No page	No page	App Store search				iPad	iOS 26.6	US	11	5
WEEKLY	2026-08-28	2026-08-17	Sunrise Alarm Clock: Wake Up	6758740138	Impression	No page	No page	App Store search				iPad	iOS 26.6	AU	5	5
WEEKLY	2026-08-28	2026-08-17	Sunrise Alarm Clock: Wake Up	6758740138	Impression	No page	No page	App Store search				iPhone	iOS 18.7	US	7	6
WEEKLY	2026-08-28	2026-08-17	Sunrise Alarm Clock: Wake Up	6758740138	Impression	No page	No page	App Store search				iPad	iOS 26.6	PH	5	5
WEEKLY	2026-09-04	2026-08-24	Sunrise Alarm Clock: Wake Up	6758740138	Impression	No page	No page	App Store search				iPhone	iOS 15.8	BR	7	7
WEEKLY	2026-09-04	2026-08-24	Sunrise Alarm Clock: Wake Up	6758740138	Impression	No page	No page	App Store search				iPhone	iOS 18.5	BR	13	7
WEEKLY	2026-09-04	2026-08-24	Sunrise Alarm Clock: Wake Up	6758740138	Impression	No page	No page	App Store search				iPad	iOS 26.6	US	15	12
WEEKLY	2026-09-04	2026-08-24	Sunrise Alarm Clock: Wake Up	6758740138	Impression	No page	No page	App Store search				iPhone	iOS 26.6	US	20	18
WEEKLY	2026-09-04	2026-08-24	Sunrise Alarm Clock: Wake Up	6758740138	Page view	Product page	Default product page	App Store browse				iPhone	iOS 26.6	BR	5	5
WEEKLY	2026-09-04	2026-08-24	Sunrise Alarm Clock: Wake Up	6758740138	Impression	No page	No page	App Store search				iPhone	iOS 26.6	MX	16	8
WEEKLY	2026-09-04	2026-08-24	Sunrise Alarm Clock: Wake Up	6758740138	Impression	No page	No page	App Store search				iPhone	iOS 26.6	PH	5	5
WEEKLY	2026-09-04	2026-08-24	Sunrise Alarm Clock: Wake Up	6758740138	Impression	No page	No page	App Store search				iPhone	iOS 27.0	BR	5	5
WEEKLY	2026-09-04	2026-08-24	Sunrise Alarm Clock: Wake Up	6758740138	Impression	No page	No page	App Store search				iPhone	iOS 26.2	BR	9	9
WEEKLY	2026-09-04	2026-08-24	Sunrise Alarm Clock: Wake Up	6758740138	Impression	No page	No page	App Store search				iPhone	iOS 26.6	ES	13	6
WEEKLY	2026-09-04	2026-08-24	Sunrise Alarm Clock: Wake Up	6758740138	Impression	No page	No page	App Store search				iPhone	iOS 26.5	BR	54	46
WEEKLY	2026-09-04	2026-08-24	Sunrise Alarm Clock: Wake Up	6758740138	Impression	No page	No page	App Store search				iPad	iOS 26.6	GB	5	5
WEEKLY	2026-09-04	2026-08-24	Sunrise Alarm Clock: Wake Up	6758740138	Impression	No page	No page	App Store search				iPhone	iOS 26.6	BR	160	132
WEEKLY	2026-09-04	2026-08-24	Sunrise Alarm Clock: Wake Up	6758740138	Impression	No page	No page	App Store search				iPhone	iOS 16.7	BR	24	16
WEEKLY	2026-09-04	2026-08-24	Sunrise Alarm Clock: Wake Up	6758740138	Impression	No page	No page	App Store search				iPhone	iOS 26.6	AU	8	8
WEEKLY	2026-09-04	2026-08-24	Sunrise Alarm Clock: Wake Up	6758740138	Impression	No page	No page	App Store search				iPad	iOS 26.5	US	7	7
WEEKLY	2026-09-04	2026-08-24	Sunrise Alarm Clock: Wake Up	6758740138	Impression	No page	No page	App Store search				iPhone	iOS 18.7	BR	55	49
WEEKLY	2026-09-04	2026-08-24	Sunrise Alarm Clock: Wake Up	6758740138	Impression	No page	No page	App Store search				iPhone	iOS 18.6	BR	30	23
WEEKLY	2026-09-04	2026-08-24	Sunrise Alarm Clock: Wake Up	6758740138	Impression	No page	No page	App Store search				iPhone	iOS 26.3	BR	6	6
WEEKLY	2026-09-04	2026-08-24	Sunrise Alarm Clock: Wake Up	6758740138	Impression	No page	No page	App Store search				iPhone	iOS 26.5	US	6	6
WEEKLY	2026-09-11	2026-08-31	Sunrise Alarm Clock: Wake Up	6758740138	Impression	No page	No page	App Store search				iPhone	iOS 26.5	US	6	5
WEEKLY	2026-09-11	2026-08-31	Sunrise Alarm Clock: Wake Up	6758740138	Impression	No page	No page	App Store search				iPhone	iOS 26.6	CA	14	13
WEEKLY	2026-09-11	2026-08-31	Sunrise Alarm Clock: Wake Up	6758740138	Impression	No page	No page	App Store search				iPhone	iOS 18.5	BR	11	11
WEEKLY	2026-09-11	2026-08-31	Sunrise Alarm Clock: Wake Up	6758740138	Impression	No page	No page	App Store search				iPad	iOS 26.6	US	16	12
WEEKLY	2026-09-11	2026-08-31	Sunrise Alarm Clock: Wake Up	6758740138	Impression	No page	No page	App Store search				iPad	iOS 26.6	AU	6	6
WEEKLY	2026-09-11	2026-08-31	Sunrise Alarm Clock: Wake Up	6758740138	Page view	Product page	Default product page	App Store search				iPhone	iOS 26.6	BR	10	8
WEEKLY	2026-09-11	2026-08-31	Sunrise Alarm Clock: Wake Up	6758740138	Impression	No page	No page	App Store search				iPhone	iOS 17.5	BR	6	6
WEEKLY	2026-09-11	2026-08-31	Sunrise Alarm Clock: Wake Up	6758740138	Impression	No page	No page	App Store search				iPhone	iOS 26.3	BR	7	7
WEEKLY	2026-09-11	2026-08-31	Sunrise Alarm Clock: Wake Up	6758740138	Impression	No page	No page	App Store search				iPhone	iOS 26.5	BR	34	31
WEEKLY	2026-09-11	2026-08-31	Sunrise Alarm Clock: Wake Up	6758740138	Impression	No page	No page	App Store search				iPhone	iOS 26.6	JP	9	6
WEEKLY	2026-09-11	2026-08-31	Sunrise Alarm Clock: Wake Up	6758740138	Impression	No page	No page	App Store search				iPhone	iOS 26.6	TR	8	8
WEEKLY	2026-09-11	2026-08-31	Sunrise Alarm Clock: Wake Up	6758740138	Impression	No page	No page	App Store search				iPhone	iOS 26.6	ES	18	14
WEEKLY	2026-09-11	2026-08-31	Sunrise Alarm Clock: Wake Up	6758740138	Impression	No page	No page	App Store search				iPhone	iOS 26.5	ES	6	6
WEEKLY	2026-09-11	2026-08-31	Sunrise Alarm Clock: Wake Up	6758740138	Impression	No page	No page	App Store search				iPhone	iOS 17.6	BR	5	5
WEEKLY	2026-09-11	2026-08-31	Sunrise Alarm Clock: Wake Up	6758740138	Impression	No page	No page	App Store search				iPhone	iOS 26.6	MX	6	6
WEEKLY	2026-09-11	2026-08-31	Sunrise Alarm Clock: Wake Up	6758740138	Impression	No page	No page	App Store search				iPhone	iOS 26.5	PL	9	9
WEEKLY	2026-09-11	2026-08-31	Sunrise Alarm Clock: Wake Up	6758740138	Impression	No page	No page	App Store search				iPhone	iOS 26.6	BR	217	177
WEEKLY	2026-09-11	2026-08-31	Sunrise Alarm Clock: Wake Up	6758740138	Impression	No page	No page	App Store search				iPhone	iOS 26.3	ES	5	5
WEEKLY	2026-09-11	2026-08-31	Sunrise Alarm Clock: Wake Up	6758740138	Impression	No page	No page	App Store search				iPhone	iOS 26.2	BR	9	9
WEEKLY	2026-09-11	2026-08-31	Sunrise Alarm Clock: Wake Up	6758740138	Impression	No page	No page	App Store search				iPhone	iOS 26.6	MA	12	9
WEEKLY	2026-09-11	2026-08-31	Sunrise Alarm Clock: Wake Up	6758740138	Impression	No page	No page	App Store search				iPhone	iOS 26.6	US	21	19
WEEKLY	2026-09-11	2026-08-31	Sunrise Alarm Clock: Wake Up	6758740138	Page view	Product page	Default product page	App Store browse				iPhone	iOS 26.6	BR	5	5
WEEKLY	2026-09-11	2026-08-31	Sunrise Alarm Clock: Wake Up	6758740138	Tap	Product page	Default product page	App Store browse			Get	iPhone	iOS 26.6	BR	5	5
WEEKLY	2026-09-11	2026-08-31	Sunrise Alarm Clock: Wake Up	6758740138	Impression	No page	No page	App Store search				iPhone	iOS 26.6	GB	9	5
WEEKLY	2026-09-11	2026-08-31	Sunrise Alarm Clock: Wake Up	6758740138	Impression	No page	No page	App Store search				iPhone	iOS 18.6	BR	22	13
WEEKLY	2026-09-11	2026-08-31	Sunrise Alarm Clock: Wake Up	6758740138	Impression	No page	No page	App Store search				iPhone	iOS 16.7	BR	29	21
WEEKLY	2026-09-11	2026-08-31	Sunrise Alarm Clock: Wake Up	6758740138	Impression	No page	No page	App Store search				iPhone	iOS 26.6	PL	16	12
WEEKLY	2026-09-11	2026-08-31	Sunrise Alarm Clock: Wake Up	6758740138	Impression	No page	No page	App Store search				iPhone	iOS 18.7	BR	70	55
WEEKLY	2026-09-11	2026-08-31	Sunrise Alarm Clock: Wake Up	6758740138	Impression	No page	No page	App Store search				iPhone	iOS 17.0	BR	28	26
WEEKLY	2026-09-11	2026-08-31	Sunrise Alarm Clock: Wake Up	6758740138	Impression	No page	No page	App Store search				iPhone	iOS 16.2	BR	8	8
WEEKLY	2026-09-18	2026-09-07	Sunrise Alarm Clock: Wake Up	6758740138	Impression	No page	No page	App Store search				iPhone	iOS 26.6	US	44	42
WEEKLY	2026-09-18	2026-09-07	Sunrise Alarm Clock: Wake Up	6758740138	Impression	No page	No page	App Store search				iPad	iOS 26.6	US	24	19
WEEKLY	2026-09-18	2026-09-07	Sunrise Alarm Clock: Wake Up	6758740138	Page view	Product page	Default product page	Web referrer	google.com			iPhone	iOS 26.6	FR	5	5
WEEKLY	2026-09-18	2026-09-07	Sunrise Alarm Clock: Wake Up	6758740138	Impression	No page	No page	App Store search				iPhone	iOS 18.7	RU	6	6
WEEKLY	2026-09-18	2026-09-07	Sunrise Alarm Clock: Wake Up	6758740138	Impression	No page	No page	App Store search				iPhone	iOS 17.5	BR	5	5
WEEKLY	2026-09-18	2026-09-07	Sunrise Alarm Clock: Wake Up	6758740138	Tap	Product page	Default product page	App Store browse			Get	iPhone	iOS 26.6	FR	14	12
WEEKLY	2026-09-18	2026-09-07	Sunrise Alarm Clock: Wake Up	6758740138	Impression	No page	No page	App Store search				iPhone	iOS 26.5	IT	5	5
WEEKLY	2026-09-18	2026-09-07	Sunrise Alarm Clock: Wake Up	6758740138	Impression	No page	No page	App Store search				iPhone	iOS 26.5	RU	14	7
WEEKLY	2026-09-18	2026-09-07	Sunrise Alarm Clock: Wake Up	6758740138	Impression	No page	No page	App Store search				iPhone	iOS 15.8	BR	10	7
WEEKLY	2026-09-18	2026-09-07	Sunrise Alarm Clock: Wake Up	6758740138	Page view	Product page	Default product page	App referrer	com.openai.chat			iPhone	iOS 26.6	FR	14	8
WEEKLY	2026-09-18	2026-09-07	Sunrise Alarm Clock: Wake Up	6758740138	Page view	Product page	Default product page	Web referrer	google.com			iPhone	iOS 26.6	US	5	5
WEEKLY	2026-09-18	2026-09-07	Sunrise Alarm Clock: Wake Up	6758740138	Impression	No page	No page	App Store search				iPhone	iOS 26.6	ES	26	22
WEEKLY	2026-09-18	2026-09-07	Sunrise Alarm Clock: Wake Up	6758740138	Impression	No page	No page	App Store search				iPhone	iOS 26.5	BR	35	26
WEEKLY	2026-09-18	2026-09-07	Sunrise Alarm Clock: Wake Up	6758740138	Impression	No page	No page	App Store search				iPad	iOS 17.7	US	5	5
WEEKLY	2026-09-18	2026-09-07	Sunrise Alarm Clock: Wake Up	6758740138	Impression	No page	No page	App Store search				iPhone	iOS 18.7	MX	6	6
WEEKLY	2026-09-18	2026-09-07	Sunrise Alarm Clock: Wake Up	6758740138	Page view	Product page	Default product page	App Store search				iPhone	iOS 26.6	DE	5	5
WEEKLY	2026-09-18	2026-09-07	Sunrise Alarm Clock: Wake Up	6758740138	Impression	No page	No page	App Store search				iPhone	iOS 26.6	KR	14	12
WEEKLY	2026-09-18	2026-09-07	Sunrise Alarm Clock: Wake Up	6758740138	Impression	No page	No page	App Store search				iPhone	iOS 27.0	BR	7	7
WEEKLY	2026-09-18	2026-09-07	Sunrise Alarm Clock: Wake Up	6758740138	Impression	No page	No page	App Store search				iPad	iOS 26.6	CN	7	6
WEEKLY	2026-09-18	2026-09-07	Sunrise Alarm Clock: Wake Up	6758740138	Impression	No page	No page	App Store search				iPhone	iOS 26.3	BR	9	7
WEEKLY	2026-09-18	2026-09-07	Sunrise Alarm Clock: Wake Up	6758740138	Impression	No page	No page	App Store search				iPhone	iOS 16.3	BR	5	5
WEEKLY	2026-09-18	2026-09-07	Sunrise Alarm Clock: Wake Up	6758740138	Impression	No page	No page	App Store search				iPhone	iOS 18.7	US	12	12
WEEKLY	2026-09-18	2026-09-07	Sunrise Alarm Clock: Wake Up	6758740138	Impression	No page	No page	App Store search				iPhone	iOS 26.5	SA	8	8
WEEKLY	2026-09-18	2026-09-07	Sunrise Alarm Clock: Wake Up	6758740138	Impression	No page	No page	App Store search				iPhone	iOS 18.7	BR	46	34
WEEKLY	2026-09-18	2026-09-07	Sunrise Alarm Clock: Wake Up	6758740138	Impression	No page	No page	App Store search				iPhone	iOS 26.6	SA	25	20
WEEKLY	2026-09-18	2026-09-07	Sunrise Alarm Clock: Wake Up	6758740138	Impression	No page	No page	App Store search				iPhone	iOS 26.6	MA	6	6
WEEKLY	2026-09-18	2026-09-07	Sunrise Alarm Clock: Wake Up	6758740138	Impression	No page	No page	App Store search				iPhone	iOS 18.7	VN	6	5
WEEKLY	2026-09-18	2026-09-07	Sunrise Alarm Clock: Wake Up	6758740138	Impression	No page	No page	App Store search				iPad	iOS 26.6	DE	7	7
WEEKLY	2026-09-18	2026-09-07	Sunrise Alarm Clock: Wake Up	6758740138	Impression	No page	No page	App Store search				iPad	iOS 26.6	JP	17	11
WEEKLY	2026-09-18	2026-09-07	Sunrise Alarm Clock: Wake Up	6758740138	Impression	No page	No page	App Store search				iPad	iOS 26.6	IT	13	7
WEEKLY	2026-09-18	2026-09-07	Sunrise Alarm Clock: Wake Up	6758740138	Tap	No page	No page	App Store search			Get	iPhone	iOS 26.6	PL	5	5
WEEKLY	2026-09-18	2026-09-07	Sunrise Alarm Clock: Wake Up	6758740138	Impression	No page	No page	App Store search				iPad	iOS 26.6	VN	6	6
WEEKLY	2026-09-18	2026-09-07	Sunrise Alarm Clock: Wake Up	6758740138	Impression	No page	No page	App Store search				iPhone	iOS 26.6	PT	7	7
WEEKLY	2026-09-18	2026-09-07	Sunrise Alarm Clock: Wake Up	6758740138	Impression	No page	No page	App Store search				iPhone	iOS 26.6	VN	6	6
WEEKLY	2026-09-18	2026-09-07	Sunrise Alarm Clock: Wake Up	6758740138	Impression	No page	No page	App Store search				iPhone	iOS 26.5	US	14	11
WEEKLY	2026-09-18	2026-09-07	Sunrise Alarm Clock: Wake Up	6758740138	Impression	No page	No page	App Store search				iPhone	iOS 26.6	NP	5	5
WEEKLY	2026-09-18	2026-09-07	Sunrise Alarm Clock: Wake Up	6758740138	Impression	No page	No page	App Store search				iPhone	iOS 26.6	IT	24	21
WEEKLY	2026-09-18	2026-09-07	Sunrise Alarm Clock: Wake Up	6758740138	Impression	No page	No page	App Store search				iPad	iOS 26.6	PL	5	5
WEEKLY	2026-09-18	2026-09-07	Sunrise Alarm Clock: Wake Up	6758740138	Tap	No page	No page	App Store browse			Open	iPhone	iOS 26.6	FR	5	5
WEEKLY	2026-09-18	2026-09-07	Sunrise Alarm Clock: Wake Up	6758740138	Impression	No page	No page	App Store search				iPhone	iOS 26.4	BR	8	6
WEEKLY	2026-09-18	2026-09-07	Sunrise Alarm Clock: Wake Up	6758740138	Impression	No page	No page	App Store search				iPhone	iOS 18.7	SA	6	5
WEEKLY	2026-09-18	2026-09-07	Sunrise Alarm Clock: Wake Up	6758740138	Impression	No page	No page	App Store search				iPad	iOS 18.7	US	5	5
WEEKLY	2026-09-18	2026-09-07	Sunrise Alarm Clock: Wake Up	6758740138	Impression	No page	No page	App Store search				iPhone	iOS 26.6	IL	12	8
WEEKLY	2026-09-18	2026-09-07	Sunrise Alarm Clock: Wake Up	6758740138	Impression	No page	No page	App Store search				iPhone	iOS 26.6	RU	23	12
WEEKLY	2026-09-18	2026-09-07	Sunrise Alarm Clock: Wake Up	6758740138	Impression	No page	No page	App Store search				iPhone	iOS 18.7	MA	9	9
WEEKLY	2026-09-18	2026-09-07	Sunrise Alarm Clock: Wake Up	6758740138	Page view	Product page	Default product page	App Store search				iPhone	iOS 26.6	JP	5	5
WEEKLY	2026-09-18	2026-09-07	Sunrise Alarm Clock: Wake Up	6758740138	Impression	No page	No page	App Store search				iPhone	iOS 26.3	FR	5	5
WEEKLY	2026-09-18	2026-09-07	Sunrise Alarm Clock: Wake Up	6758740138	Impression	No page	No page	App Store search				iPhone	iOS 26.6	DE	25	21
WEEKLY	2026-09-18	2026-09-07	Sunrise Alarm Clock: Wake Up	6758740138	Impression	No page	No page	App Store search				iPhone	iOS 17.6	RU	7	7
WEEKLY	2026-09-18	2026-09-07	Sunrise Alarm Clock: Wake Up	6758740138	Impression	No page	No page	App Store search				iPhone	iOS 18.7	CN	10	6
WEEKLY	2026-09-18	2026-09-07	Sunrise Alarm Clock: Wake Up	6758740138	Impression	No page	No page	App Store search				iPad	iOS 26.6	AU	5	5
WEEKLY	2026-09-18	2026-09-07	Sunrise Alarm Clock: Wake Up	6758740138	Impression	No page	No page	App Store search				iPhone	iOS 26.6	FR	25	19
WEEKLY	2026-09-18	2026-09-07	Sunrise Alarm Clock: Wake Up	6758740138	Impression	No page	No page	App Store search				iPhone	iOS 26.6	CN	12	9
WEEKLY	2026-09-18	2026-09-07	Sunrise Alarm Clock: Wake Up	6758740138	Impression	No page	No page	App Store search				iPhone	iOS 26.6	BR	164	133
WEEKLY	2026-09-18	2026-09-07	Sunrise Alarm Clock: Wake Up	6758740138	Tap	No page	No page	App Store search			Get	iPhone	iOS 26.6	BR	6	6
WEEKLY	2026-09-18	2026-09-07	Sunrise Alarm Clock: Wake Up	6758740138	Impression	No page	No page	App Store search				iPhone	iOS 26.6	PL	21	12
WEEKLY	2026-09-18	2026-09-07	Sunrise Alarm Clock: Wake Up	6758740138	Impression	No page	No page	App Store search				iPhone	iOS 26.6	CA	14	9
WEEKLY	2026-09-18	2026-09-07	Sunrise Alarm Clock: Wake Up	6758740138	Impression	No page	No page	App Store search				iPhone	iOS 16.7	BR	14	14
WEEKLY	2026-09-18	2026-09-07	Sunrise Alarm Clock: Wake Up	6758740138	Impression	No page	No page	App Store search				iPhone	iOS 26.6	GB	7	7
WEEKLY	2026-09-18	2026-09-07	Sunrise Alarm Clock: Wake Up	6758740138	Impression	No page	No page	App Store search				iPhone	iOS 26.6	JP	33	30
WEEKLY	2026-09-18	2026-09-07	Sunrise Alarm Clock: Wake Up	6758740138	Tap	Product page	Default product page	App Store browse			Open	iPhone	iOS 26.6	FR	8	8
WEEKLY	2026-09-18	2026-09-07	Sunrise Alarm Clock: Wake Up	6758740138	Impression	No page	No page	App Store search				iPhone	iOS 26.6	TR	11	8
WEEKLY	2026-09-25	2026-09-14	Sunrise Alarm Clock: Wake Up	6758740138	Impression	No page	No page	App Store search				iPhone	iOS 26.6	ES	17	15
WEEKLY	2026-09-25	2026-09-14	Sunrise Alarm Clock: Wake Up	6758740138	Impression	No page	No page	App Store search				iPhone	iOS 26.6	MX	13	7
WEEKLY	2026-09-25	2026-09-14	Sunrise Alarm Clock: Wake Up	6758740138	Impression	No page	No page	App Store search				iPhone	iOS 26.6	MA	8	8
WEEKLY	2026-09-25	2026-09-14	Sunrise Alarm Clock: Wake Up	6758740138	Impression	No page	No page	App Store search				iPhone	iOS 18.7	BR	50	45
WEEKLY	2026-09-25	2026-09-14	Sunrise Alarm Clock: Wake Up	6758740138	Impression	No page	No page	App Store search				iPhone	iOS 26.6	VN	9	8
WEEKLY	2026-09-25	2026-09-14	Sunrise Alarm Clock: Wake Up	6758740138	Impression	No page	No page	App Store search				iPad	iOS 27.0	FR	5	5
WEEKLY	2026-09-25	2026-09-14	Sunrise Alarm Clock: Wake Up	6758740138	Impression	No page	No page	App Store search				iPhone	iOS 26.6	SA	16	13
WEEKLY	2026-09-25	2026-09-14	Sunrise Alarm Clock: Wake Up	6758740138	Impression	No page	No page	App Store search				iPhone	iOS 27.0	CA	7	6
WEEKLY	2026-09-25	2026-09-14	Sunrise Alarm Clock: Wake Up	6758740138	Impression	No page	No page	App Store search				iPad	iOS 26.6	GB	5	5
WEEKLY	2026-09-25	2026-09-14	Sunrise Alarm Clock: Wake Up	6758740138	Impression	No page	No page	App Store search				iPhone	iOS 27.0	US	11	8
WEEKLY	2026-09-25	2026-09-14	Sunrise Alarm Clock: Wake Up	6758740138	Impression	No page	No page	App Store search				iPhone	iOS 26.5	BR	29	29
WEEKLY	2026-09-25	2026-09-14	Sunrise Alarm Clock: Wake Up	6758740138	Impression	No page	No page	App Store search				iPhone	iOS 26.6	SE	15	6
WEEKLY	2026-09-25	2026-09-14	Sunrise Alarm Clock: Wake Up	6758740138	Impression	No page	No page	App Store search				iPhone	iOS 26.6	NL	18	12
WEEKLY	2026-09-25	2026-09-14	Sunrise Alarm Clock: Wake Up	6758740138	Impression	No page	No page	App Store search				iPhone	iOS 26.6	CA	22	19
WEEKLY	2026-09-25	2026-09-14	Sunrise Alarm Clock: Wake Up	6758740138	Impression	No page	No page	App Store search				iPhone	iOS 16.7	BR	22	19
WEEKLY	2026-09-25	2026-09-14	Sunrise Alarm Clock: Wake Up	6758740138	Page view	Product page	Default product page	App referrer	com.openai.chat			iPhone	iOS 26.6	FR	5	5
WEEKLY	2026-09-25	2026-09-14	Sunrise Alarm Clock: Wake Up	6758740138	Impression	No page	No page	App Store search				iPhone	iOS 26.6	BR	129	99
WEEKLY	2026-09-25	2026-09-14	Sunrise Alarm Clock: Wake Up	6758740138	Impression	No page	No page	App Store search				iPhone	iOS 26.6	MY	7	7
WEEKLY	2026-09-25	2026-09-14	Sunrise Alarm Clock: Wake Up	6758740138	Impression	No page	No page	App Store search				iPhone	iOS 18.7	EG	5	5
WEEKLY	2026-09-25	2026-09-14	Sunrise Alarm Clock: Wake Up	6758740138	Tap	Product page	Default product page	App Store browse			Get	iPhone	iOS 27.0	FR	5	5
WEEKLY	2026-09-25	2026-09-14	Sunrise Alarm Clock: Wake Up	6758740138	Impression	No page	No page	App Store search				iPhone	iOS 27.0	RU	8	6
WEEKLY	2026-09-25	2026-09-14	Sunrise Alarm Clock: Wake Up	6758740138	Impression	No page	No page	App Store search				iPhone	iOS 15.8	BR	9	9
WEEKLY	2026-09-25	2026-09-14	Sunrise Alarm Clock: Wake Up	6758740138	Impression	No page	No page	App Store search				iPad	iOS 26.6	JP	8	8
WEEKLY	2026-09-25	2026-09-14	Sunrise Alarm Clock: Wake Up	6758740138	Impression	No page	No page	App Store search				iPad	iOS 18.7	DE	5	5
WEEKLY	2026-09-25	2026-09-14	Sunrise Alarm Clock: Wake Up	6758740138	Impression	No page	No page	App Store search				iPhone	iOS 26.6	IL	10	9
WEEKLY	2026-09-25	2026-09-14	Sunrise Alarm Clock: Wake Up	6758740138	Impression	No page	No page	App Store search				iPhone	iOS 26.5	US	19	16
WEEKLY	2026-09-25	2026-09-14	Sunrise Alarm Clock: Wake Up	6758740138	Impression	No page	No page	App Store search				iPad	iOS 26.5	US	9	5
WEEKLY	2026-09-25	2026-09-14	Sunrise Alarm Clock: Wake Up	6758740138	Impression	No page	No page	App Store search				iPhone	iOS 18.3	BR	7	6
WEEKLY	2026-09-25	2026-09-14	Sunrise Alarm Clock: Wake Up	6758740138	Tap	Product page	Default product page	App Store browse			Get	iPhone	iOS 26.6	NL	9	5
WEEKLY	2026-09-25	2026-09-14	Sunrise Alarm Clock: Wake Up	6758740138	Tap	Product page	Default product page	App Store browse			Get	iPhone	iOS 26.6	DE	6	6
WEEKLY	2026-09-25	2026-09-14	Sunrise Alarm Clock: Wake Up	6758740138	Impression	No page	No page	App Store search				iPhone	iOS 26.6	RU	26	23
WEEKLY	2026-09-25	2026-09-14	Sunrise Alarm Clock: Wake Up	6758740138	Impression	No page	No page	App Store search				iPhone	iOS 26.6	CN	12	6
WEEKLY	2026-09-25	2026-09-14	Sunrise Alarm Clock: Wake Up	6758740138	Impression	No page	No page	App Store search				iPad	iOS 26.5	ES	6	6
WEEKLY	2026-09-25	2026-09-14	Sunrise Alarm Clock: Wake Up	6758740138	Impression	No page	No page	App Store search				iPhone	iOS 26.6	TH	5	5
WEEKLY	2026-09-25	2026-09-14	Sunrise Alarm Clock: Wake Up	6758740138	Impression	No page	No page	App Store search				iPhone	iOS 18.6	IT	5	5
WEEKLY	2026-09-25	2026-09-14	Sunrise Alarm Clock: Wake Up	6758740138	Impression	No page	No page	App Store search				iPhone	iOS 26.6	LY	5	5
WEEKLY	2026-09-25	2026-09-14	Sunrise Alarm Clock: Wake Up	6758740138	Impression	No page	No page	App Store search				iPhone	iOS 26.6	PL	12	9
WEEKLY	2026-09-25	2026-09-14	Sunrise Alarm Clock: Wake Up	6758740138	Impression	No page	No page	App Store search				iPhone	iOS 26.6	DE	23	23
WEEKLY	2026-09-25	2026-09-14	Sunrise Alarm Clock: Wake Up	6758740138	Impression	No page	No page	App Store search				iPhone	iOS 26.6	FR	30	23
WEEKLY	2026-09-25	2026-09-14	Sunrise Alarm Clock: Wake Up	6758740138	Impression	No page	No page	App Store search				iPhone	iOS 18.7	IL	9	6
WEEKLY	2026-09-25	2026-09-14	Sunrise Alarm Clock: Wake Up	6758740138	Impression	No page	No page	App Store search				iPhone	iOS 26.6	US	76	64
WEEKLY	2026-09-25	2026-09-14	Sunrise Alarm Clock: Wake Up	6758740138	Impression	No page	No page	App Store search				iPhone	iOS 27.0	IT	10	6
WEEKLY	2026-09-25	2026-09-14	Sunrise Alarm Clock: Wake Up	6758740138	Impression	No page	No page	App Store search				iPad	iOS 15.8	CN	6	6
WEEKLY	2026-09-25	2026-09-14	Sunrise Alarm Clock: Wake Up	6758740138	Impression	No page	No page	App Store search				iPad	iOS 18.7	US	13	5
WEEKLY	2026-09-25	2026-09-14	Sunrise Alarm Clock: Wake Up	6758740138	Page view	Product page	Default product page	App referrer	com.openai.chat			iPhone	iOS 26.6	NL	7	7
WEEKLY	2026-09-25	2026-09-14	Sunrise Alarm Clock: Wake Up	6758740138	Impression	No page	No page	App Store search				iPhone	iOS 26.5	DE	5	5
WEEKLY	2026-09-25	2026-09-14	Sunrise Alarm Clock: Wake Up	6758740138	Impression	No page	No page	App Store search				iPhone	iOS 18.6	BR	13	12
WEEKLY	2026-09-25	2026-09-14	Sunrise Alarm Clock: Wake Up	6758740138	Impression	No page	No page	App Store search				iPhone	iOS 18.6	CN	6	5
WEEKLY	2026-09-25	2026-09-14	Sunrise Alarm Clock: Wake Up	6758740138	Impression	No page	No page	App Store search				iPhone	iOS 26.6	TW	8	8
WEEKLY	2026-09-25	2026-09-14	Sunrise Alarm Clock: Wake Up	6758740138	Impression	No page	No page	App Store search				iPhone	iOS 18.7	CN	7	5
WEEKLY	2026-09-25	2026-09-14	Sunrise Alarm Clock: Wake Up	6758740138	Impression	No page	No page	App Store search				iPhone	iOS 27.0	BR	8	8
WEEKLY	2026-09-25	2026-09-14	Sunrise Alarm Clock: Wake Up	6758740138	Impression	No page	No page	App Store search				iPad	iOS 26.6	US	20	20
WEEKLY	2026-09-25	2026-09-14	Sunrise Alarm Clock: Wake Up	6758740138	Tap	Product page	Default product page	App Store browse			Get	iPhone	iOS 26.6	FR	5	5
WEEKLY	2026-09-25	2026-09-14	Sunrise Alarm Clock: Wake Up	6758740138	Impression	No page	No page	App Store search				iPhone	iOS 26.6	JP	37	37
WEEKLY	2026-09-25	2026-09-14	Sunrise Alarm Clock: Wake Up	6758740138	Impression	No page	No page	App Store search				iPhone	iOS 26.6	GB	10	10
WEEKLY	2026-09-25	2026-09-14	Sunrise Alarm Clock: Wake Up	6758740138	Impression	No page	No page	App Store search				iPhone	iOS 26.6	TR	7	6
WEEKLY	2026-09-25	2026-09-14	Sunrise Alarm Clock: Wake Up	6758740138	Impression	No page	No page	App Store search				iPhone	iOS 26.7	BR	10	6
WEEKLY	2026-09-25	2026-09-14	Sunrise Alarm Clock: Wake Up	6758740138	Impression	No page	No page	App Store search				iPhone	iOS 26.7	IT	5	5
WEEKLY	2026-09-25	2026-09-14	Sunrise Alarm Clock: Wake Up	6758740138	Tap	Product page	Default product page	App Store browse			Open	iPhone	iOS 26.6	NL	6	6
WEEKLY	2026-09-25	2026-09-14	Sunrise Alarm Clock: Wake Up	6758740138	Impression	No page	No page	App Store search				iPhone	iOS 26.6	IT	36	32
WEEKLY	2026-09-25	2026-09-14	Sunrise Alarm Clock: Wake Up	6758740138	Impression	No page	No page	App Store search				iPhone	iOS 26.5	VN	5	5
WEEKLY	2026-09-25	2026-09-14	Sunrise Alarm Clock: Wake Up	6758740138	Impression	No page	No page	App Store search				iPhone	iOS 26.5	FR	12	12
WEEKLY	2026-09-25	2026-09-14	Sunrise Alarm Clock: Wake Up	6758740138	Impression	No page	No page	App Store search				iPhone	iOS 26.5	CN	7	7
WEEKLY	2026-09-25	2026-09-14	Sunrise Alarm Clock: Wake Up	6758740138	Impression	No page	No page	App Store search				iPhone	iOS 18.7	US	6	5
WEEKLY	2026-09-25	2026-09-14	Sunrise Alarm Clock: Wake Up	6758740138	Impression	No page	No page	App Store search				iPhone	iOS 26.3	BR	9	6
MONTHLY	2026-09-05	2026-08-01	Sunrise Alarm Clock: Wake Up	6758740138	Impression	No page	No page	App Store search				iPhone	iOS 26.6	US	72	62
MONTHLY	2026-09-05	2026-08-01	Sunrise Alarm Clock: Wake Up	6758740138	Impression	No page	No page	App Store search				iPhone	iOS 26.5	CA	13	9
MONTHLY	2026-09-05	2026-08-01	Sunrise Alarm Clock: Wake Up	6758740138	Impression	No page	No page	App Store search				iPad	iOS 26.6	GB	7	7
MONTHLY	2026-09-05	2026-08-01	Sunrise Alarm Clock: Wake Up	6758740138	Impression	No page	No page	App Store search				iPhone	iOS 18.7	BR	217	159
MONTHLY	2026-09-05	2026-08-01	Sunrise Alarm Clock: Wake Up	6758740138	Impression	No page	No page	App Store search				iPhone	iOS 26.2	US	8	7
MONTHLY	2026-09-05	2026-08-01	Sunrise Alarm Clock: Wake Up	6758740138	Impression	No page	No page	App Store search				iPhone	iOS 26.6	ES	27	22
MONTHLY	2026-09-05	2026-08-01	Sunrise Alarm Clock: Wake Up	6758740138	Impression	No page	No page	App Store search				iPad	iOS 26.5	DE	11	8
MONTHLY	2026-09-05	2026-08-01	Sunrise Alarm Clock: Wake Up	6758740138	Impression	No page	No page	App Store search				iPhone	iOS 18.7	MX	6	6
MONTHLY	2026-09-05	2026-08-01	Sunrise Alarm Clock: Wake Up	6758740138	Impression	No page	No page	App Store search				iPhone	iOS 18.6	BR	72	53
MONTHLY	2026-09-05	2026-08-01	Sunrise Alarm Clock: Wake Up	6758740138	Impression	No page	No page	App Store search				iPhone	iOS 26.3	BR	34	34
MONTHLY	2026-09-05	2026-08-01	Sunrise Alarm Clock: Wake Up	6758740138	Impression	No page	No page	App Store search				iPhone	iOS 26.6	BR	447	376
MONTHLY	2026-09-05	2026-08-01	Sunrise Alarm Clock: Wake Up	6758740138	Impression	No page	No page	App Store search				iPhone	iOS 26.5	BR	376	264
MONTHLY	2026-09-05	2026-08-01	Sunrise Alarm Clock: Wake Up	6758740138	Impression	No page	No page	App Store search				iPhone	iOS 27.0	US	12	5
MONTHLY	2026-09-05	2026-08-01	Sunrise Alarm Clock: Wake Up	6758740138	Impression	No page	No page	App Store search				iPhone	iOS 26.5	MX	15	15
MONTHLY	2026-09-05	2026-08-01	Sunrise Alarm Clock: Wake Up	6758740138	Impression	No page	No page	App Store search				iPhone	iOS 26.5	CH	18	12
MONTHLY	2026-09-05	2026-08-01	Sunrise Alarm Clock: Wake Up	6758740138	Impression	No page	No page	App Store search				iPhone	iOS 26.4	BR	31	22
MONTHLY	2026-09-05	2026-08-01	Sunrise Alarm Clock: Wake Up	6758740138	Impression	No page	No page	App Store search				iPhone	iOS 17.5	BR	12	11
MONTHLY	2026-09-05	2026-08-01	Sunrise Alarm Clock: Wake Up	6758740138	Impression	No page	No page	App Store search				iPhone	iOS 18.5	BR	43	36
MONTHLY	2026-09-05	2026-08-01	Sunrise Alarm Clock: Wake Up	6758740138	Impression	No page	No page	App Store search				iPad	iOS 16.7	BR	6	5
MONTHLY	2026-09-05	2026-08-01	Sunrise Alarm Clock: Wake Up	6758740138	Impression	No page	No page	App Store search				iPhone	iOS 18.4	BR	5	5
MONTHLY	2026-09-05	2026-08-01	Sunrise Alarm Clock: Wake Up	6758740138	Impression	No page	No page	App Store search				iPhone	iOS 18.3	BR	7	7
MONTHLY	2026-09-05	2026-08-01	Sunrise Alarm Clock: Wake Up	6758740138	Impression	No page	No page	App Store search				iPhone	iOS 26.3	US	7	7
MONTHLY	2026-09-05	2026-08-01	Sunrise Alarm Clock: Wake Up	6758740138	Impression	No page	No page	App Store search				iPhone	iOS 26.5	GB	12	6
MONTHLY	2026-09-05	2026-08-01	Sunrise Alarm Clock: Wake Up	6758740138	Impression	No page	No page	App Store search				iPad	iOS 26.5	US	43	37
MONTHLY	2026-09-05	2026-08-01	Sunrise Alarm Clock: Wake Up	6758740138	Impression	No page	No page	App Store search				iPhone	iOS 26.0	BR	10	6
MONTHLY	2026-09-05	2026-08-01	Sunrise Alarm Clock: Wake Up	6758740138	Impression	No page	No page	App Store search				iPhone	iOS 16.3	BR	5	5
MONTHLY	2026-09-05	2026-08-01	Sunrise Alarm Clock: Wake Up	6758740138	Impression	No page	No page	App Store search				iPhone	iOS 26.6	CN	14	6
MONTHLY	2026-09-05	2026-08-01	Sunrise Alarm Clock: Wake Up	6758740138	Impression	No page	No page	App Store search				iPhone	iOS 18.7	US	23	12
MONTHLY	2026-09-05	2026-08-01	Sunrise Alarm Clock: Wake Up	6758740138	Impression	No page	No page	App Store search				iPhone	iOS 26.6	CL	7	7
MONTHLY	2026-09-05	2026-08-01	Sunrise Alarm Clock: Wake Up	6758740138	Impression	No page	No page	App Store search				iPhone	iOS 26.6	RU	32	7
MONTHLY	2026-09-05	2026-08-01	Sunrise Alarm Clock: Wake Up	6758740138	Impression	No page	No page	App Store search				iPhone	iOS 26.5	CO	19	14
MONTHLY	2026-09-05	2026-08-01	Sunrise Alarm Clock: Wake Up	6758740138	Impression	No page	No page	App Store search				iPad	iOS 26.5	ES	5	5
MONTHLY	2026-09-05	2026-08-01	Sunrise Alarm Clock: Wake Up	6758740138	Impression	No page	No page	App Store search				iPhone	iOS 26.6	FR	12	7
MONTHLY	2026-09-05	2026-08-01	Sunrise Alarm Clock: Wake Up	6758740138	Impression	No page	No page	App Store search				iPhone	iOS 26.5	ES	8	8
MONTHLY	2026-09-05	2026-08-01	Sunrise Alarm Clock: Wake Up	6758740138	Impression	No page	No page	App Store search				iPad	iOS 18.7	MX	5	5
MONTHLY	2026-09-05	2026-08-01	Sunrise Alarm Clock: Wake Up	6758740138	Impression	No page	No page	App Store search				iPhone	iOS 27.0	BR	27	16
MONTHLY	2026-09-05	2026-08-01	Sunrise Alarm Clock: Wake Up	6758740138	Page view	Product page	Default product page	Web referrer	google.com			iPhone	iOS 26.5	AU	5	5
MONTHLY	2026-09-05	2026-08-01	Sunrise Alarm Clock: Wake Up	6758740138	Impression	No page	No page	App Store search				iPhone	iOS 26.5	AR	13	13
MONTHLY	2026-09-05	2026-08-01	Sunrise Alarm Clock: Wake Up	6758740138	Impression	No page	No page	App Store search				iPhone	iOS 17.6	BR	8	8
MONTHLY	2026-09-05	2026-08-01	Sunrise Alarm Clock: Wake Up	6758740138	Impression	No page	No page	App Store search				iPhone	iOS 26.6	AU	16	16
MONTHLY	2026-09-05	2026-08-01	Sunrise Alarm Clock: Wake Up	6758740138	Impression	No page	No page	App Store search				iPhone	iOS 26.6	CO	10	8
MONTHLY	2026-09-05	2026-08-01	Sunrise Alarm Clock: Wake Up	6758740138	Impression	No page	No page	App Store search				iPhone	iOS 26.5	FR	24	13
MONTHLY	2026-09-05	2026-08-01	Sunrise Alarm Clock: Wake Up	6758740138	Tap	Product page	Default product page	App Store browse			Get	iPhone	iOS 26.5	BR	14	12
MONTHLY	2026-09-05	2026-08-01	Sunrise Alarm Clock: Wake Up	6758740138	Impression	No page	No page	App Store search				iPhone	iOS 26.6	SE	10	8
MONTHLY	2026-09-05	2026-08-01	Sunrise Alarm Clock: Wake Up	6758740138	Impression	No page	No page	App Store search				iPhone	iOS 18.7	TR	6	6
MONTHLY	2026-09-05	2026-08-01	Sunrise Alarm Clock: Wake Up	6758740138	Impression	No page	No page	App Store search				iPad	iOS 26.6	PH	7	7
MONTHLY	2026-09-05	2026-08-01	Sunrise Alarm Clock: Wake Up	6758740138	Impression	No page	No page	App Store search				iPhone	iOS 18.7	FR	5	5
MONTHLY	2026-09-05	2026-08-01	Sunrise Alarm Clock: Wake Up	6758740138	Page view	Product page	Default product page	Web referrer	google.com			iPhone	iOS 26.5	GB	5	5
MONTHLY	2026-09-05	2026-08-01	Sunrise Alarm Clock: Wake Up	6758740138	Impression	No page	No page	App Store search				iPhone	iOS 26.6	MX	35	32
MONTHLY	2026-09-05	2026-08-01	Sunrise Alarm Clock: Wake Up	6758740138	Impression	No page	No page	App Store search				iPhone	iOS 26.6	CA	18	14
MONTHLY	2026-09-05	2026-08-01	Sunrise Alarm Clock: Wake Up	6758740138	Impression	No page	No page	App Store search				iPad	iOS 18.7	US	27	19
MONTHLY	2026-09-05	2026-08-01	Sunrise Alarm Clock: Wake Up	6758740138	Impression	No page	No page	App Store search				iPhone	iOS 26.5	US	87	78
MONTHLY	2026-09-05	2026-08-01	Sunrise Alarm Clock: Wake Up	6758740138	Impression	No page	No page	App Store search				iPad	iOS 26.6	US	44	31
MONTHLY	2026-09-05	2026-08-01	Sunrise Alarm Clock: Wake Up	6758740138	Impression	No page	No page	App Store search				iPhone	iOS 26.6	CR	6	6
MONTHLY	2026-09-05	2026-08-01	Sunrise Alarm Clock: Wake Up	6758740138	Impression	No page	No page	App Store search				iPad	iOS 26.6	BR	10	8
MONTHLY	2026-09-05	2026-08-01	Sunrise Alarm Clock: Wake Up	6758740138	Impression	No page	No page	App Store search				iPhone	iOS 26.6	TR	12	5
MONTHLY	2026-09-05	2026-08-01	Sunrise Alarm Clock: Wake Up	6758740138	Page view	Product page	Default product page	App Store search				iPhone	iOS 26.6	BR	8	8
MONTHLY	2026-09-05	2026-08-01	Sunrise Alarm Clock: Wake Up	6758740138	Impression	No page	No page	App Store search				iPhone	iOS 26.2	BR	35	32
MONTHLY	2026-09-05	2026-08-01	Sunrise Alarm Clock: Wake Up	6758740138	Impression	No page	No page	App Store search				iPhone	iOS 26.5	CZ	6	6
MONTHLY	2026-09-05	2026-08-01	Sunrise Alarm Clock: Wake Up	6758740138	Impression	No page	No page	App Store search				iPhone	iOS 26.6	GB	12	12
MONTHLY	2026-09-05	2026-08-01	Sunrise Alarm Clock: Wake Up	6758740138	Impression	No page	No page	App Store search				iPhone	iOS 16.1	BR	5	5
MONTHLY	2026-09-05	2026-08-01	Sunrise Alarm Clock: Wake Up	6758740138	Page view	Product page	Default product page	App Store search				iPhone	iOS 26.5	BR	10	6
MONTHLY	2026-09-05	2026-08-01	Sunrise Alarm Clock: Wake Up	6758740138	Impression	No page	No page	App Store search				iPhone	iOS 16.7	BR	76	63
MONTHLY	2026-09-05	2026-08-01	Sunrise Alarm Clock: Wake Up	6758740138	Impression	No page	No page	App Store search				iPad	iOS 26.5	BR	12	9
MONTHLY	2026-09-05	2026-08-01	Sunrise Alarm Clock: Wake Up	6758740138	Impression	No page	No page	App Store search				iPhone	iOS 26.6	DK	5	5
MONTHLY	2026-09-05	2026-08-01	Sunrise Alarm Clock: Wake Up	6758740138	Tap	Product page	Default product page	App Store browse			Get	iPhone	iOS 26.6	ES	8	8
MONTHLY	2026-09-05	2026-08-01	Sunrise Alarm Clock: Wake Up	6758740138	Impression	No page	No page	App Store search				iPad	iOS 16.7	AU	5	5
MONTHLY	2026-09-05	2026-08-01	Sunrise Alarm Clock: Wake Up	6758740138	Impression	No page	No page	App Store search				iPad	iOS 17.7	GB	9	6
MONTHLY	2026-09-05	2026-08-01	Sunrise Alarm Clock: Wake Up	6758740138	Impression	No page	No page	App Store search				iPhone	iOS 26.6	AR	17	17
MONTHLY	2026-09-05	2026-08-01	Sunrise Alarm Clock: Wake Up	6758740138	Impression	No page	No page	App Store search				iPhone	iOS 26.1	BR	13	8
MONTHLY	2026-09-05	2026-08-01	Sunrise Alarm Clock: Wake Up	6758740138	Page view	Developer page		App Store browse				iPhone	iOS 26.6	BR	5	5
MONTHLY	2026-09-05	2026-08-01	Sunrise Alarm Clock: Wake Up	6758740138	Impression	No page	No page	App Store search				iPhone	iOS 15.8	BR	38	34
